trial,class,arm,steal,raw_inject,fail,p_inj,note
0,uniform_read,calendar-off,0,64,60,0.516129,counts are separate; do not collapse to one success rate as endpoint
0,uniform_read,duty=0,0,64,60,0.516129,counts are separate; do not collapse to one success rate as endpoint
0,uniform_read,CBC-P2P-1/16,9,55,60,0.516129,counts are separate; do not collapse to one success rate as endpoint
0,uniform_read,CBC-P2P-1/8,15,49,60,0.516129,counts are separate; do not collapse to one success rate as endpoint
0,uniform_read,CBC-coll-1/4,19,45,60,0.516129,counts are separate; do not collapse to one success rate as endpoint
0,uniform_read,CBC-coll-1/2,21,43,60,0.516129,counts are separate; do not collapse to one success rate as endpoint
0,uniform_read,fixed-high-1/2,21,43,60,0.516129,counts are separate; do not collapse to one success rate as endpoint
0,uniform_write,calendar-off,0,64,60,0.516129,counts are separate; do not collapse to one success rate as endpoint
0,uniform_write,duty=0,0,64,60,0.516129,counts are separate; do not collapse to one success rate as endpoint
0,uniform_write,CBC-P2P-1/16,9,55,60,0.516129,counts are separate; do not collapse to one success rate as endpoint
0,uniform_write,CBC-P2P-1/8,15,49,60,0.516129,counts are separate; do not collapse to one success rate as endpoint
0,uniform_write,CBC-coll-1/4,19,45,60,0.516129,counts are separate; do not collapse to one success rate as endpoint
0,uniform_write,CBC-coll-1/2,21,43,60,0.516129,counts are separate; do not collapse to one success rate as endpoint
0,uniform_write,fixed-high-1/2,21,43,60,0.516129,counts are separate; do not collapse to one success rate as endpoint
0,broadcast,calendar-off,0,64,0,1.000000,counts are separate; do not collapse to one success rate as endpoint
0,broadcast,duty=0,0,64,0,1.000000,counts are separate; do not collapse to one success rate as endpoint
0,broadcast,CBC-P2P-1/16,13,51,0,1.000000,counts are separate; do not collapse to one success rate as endpoint
0,broadcast,CBC-P2P-1/8,22,42,0,1.000000,counts are separate; do not collapse to one success rate as endpoint
0,broadcast,CBC-coll-1/4,24,40,0,1.000000,counts are separate; do not collapse to one success rate as endpoint
0,broadcast,CBC-coll-1/2,19,45,0,1.000000,counts are separate; do not collapse to one success rate as endpoint
0,broadcast,fixed-high-1/2,19,45,0,1.000000,counts are separate; do not collapse to one success rate as endpoint
0,gather,calendar-off,0,64,149,0.300469,counts are separate; do not collapse to one success rate as endpoint
0,gather,duty=0,0,64,149,0.300469,counts are separate; do not collapse to one success rate as endpoint
0,gather,CBC-P2P-1/16,15,49,149,0.300469,counts are separate; do not collapse to one success rate as endpoint
0,gather,CBC-P2P-1/8,30,34,149,0.300469,counts are separate; do not collapse to one success rate as endpoint
0,gather,CBC-coll-1/4,32,32,149,0.300469,counts are separate; do not collapse to one success rate as endpoint
0,gather,CBC-coll-1/2,28,36,149,0.300469,counts are separate; do not collapse to one success rate as endpoint
0,gather,fixed-high-1/2,28,36,149,0.300469,counts are separate; do not collapse to one success rate as endpoint
0,reduce,calendar-off,0,64,149,0.300469,counts are separate; do not collapse to one success rate as endpoint
0,reduce,duty=0,0,64,149,0.300469,counts are separate; do not collapse to one success rate as endpoint
0,reduce,CBC-P2P-1/16,15,49,149,0.300469,counts are separate; do not collapse to one success rate as endpoint
0,reduce,CBC-P2P-1/8,30,34,149,0.300469,counts are separate; do not collapse to one success rate as endpoint
0,reduce,CBC-coll-1/4,32,32,149,0.300469,counts are separate; do not collapse to one success rate as endpoint
0,reduce,CBC-coll-1/2,28,36,149,0.300469,counts are separate; do not collapse to one success rate as endpoint
0,reduce,fixed-high-1/2,28,36,149,0.300469,counts are separate; do not collapse to one success rate as endpoint
0,allgather,calendar-off,0,64,67,0.488550,counts are separate; do not collapse to one success rate as endpoint
0,allgather,duty=0,0,64,67,0.488550,counts are separate; do not collapse to one success rate as endpoint
0,allgather,CBC-P2P-1/16,7,57,67,0.488550,counts are separate; do not collapse to one success rate as endpoint
0,allgather,CBC-P2P-1/8,14,50,67,0.488550,counts are separate; do not collapse to one success rate as endpoint
0,allgather,CBC-coll-1/4,17,47,67,0.488550,counts are separate; do not collapse to one success rate as endpoint
0,allgather,CBC-coll-1/2,18,46,67,0.488550,counts are separate; do not collapse to one success rate as endpoint
0,allgather,fixed-high-1/2,18,46,67,0.488550,counts are separate; do not collapse to one success rate as endpoint
0,allreduce,calendar-off,0,64,75,0.460432,counts are separate; do not collapse to one success rate as endpoint
0,allreduce,duty=0,0,64,75,0.460432,counts are separate; do not collapse to one success rate as endpoint
0,allreduce,CBC-P2P-1/16,8,56,75,0.460432,counts are separate; do not collapse to one success rate as endpoint
0,allreduce,CBC-P2P-1/8,15,49,75,0.460432,counts are separate; do not collapse to one success rate as endpoint
0,allreduce,CBC-coll-1/4,17,47,75,0.460432,counts are separate; do not collapse to one success rate as endpoint
0,allreduce,CBC-coll-1/2,17,47,75,0.460432,counts are separate; do not collapse to one success rate as endpoint
0,allreduce,fixed-high-1/2,17,47,75,0.460432,counts are separate; do not collapse to one success rate as endpoint
0,alltoall,calendar-off,0,64,91,0.412903,counts are separate; do not collapse to one success rate as endpoint
0,alltoall,duty=0,0,64,91,0.412903,counts are separate; do not collapse to one success rate as endpoint
0,alltoall,CBC-P2P-1/16,6,58,91,0.412903,counts are separate; do not collapse to one success rate as endpoint
0,alltoall,CBC-P2P-1/8,14,50,91,0.412903,counts are separate; do not collapse to one success rate as endpoint
0,alltoall,CBC-coll-1/4,17,47,91,0.412903,counts are separate; do not collapse to one success rate as endpoint
0,alltoall,CBC-coll-1/2,18,46,91,0.412903,counts are separate; do not collapse to one success rate as endpoint
0,alltoall,fixed-high-1/2,18,46,91,0.412903,counts are separate; do not collapse to one success rate as endpoint
1,uniform_read,calendar-off,0,64,65,0.496124,counts are separate; do not collapse to one success rate as endpoint
1,uniform_read,duty=0,0,64,65,0.496124,counts are separate; do not collapse to one success rate as endpoint
1,uniform_read,CBC-P2P-1/16,7,57,65,0.496124,counts are separate; do not collapse to one success rate as endpoint
1,uniform_read,CBC-P2P-1/8,14,50,65,0.496124,counts are separate; do not collapse to one success rate as endpoint
1,uniform_read,CBC-coll-1/4,17,47,65,0.496124,counts are separate; do not collapse to one success rate as endpoint
1,uniform_read,CBC-coll-1/2,19,45,65,0.496124,counts are separate; do not collapse to one success rate as endpoint
1,uniform_read,fixed-high-1/2,19,45,65,0.496124,counts are separate; do not collapse to one success rate as endpoint
1,uniform_write,calendar-off,0,64,65,0.496124,counts are separate; do not collapse to one success rate as endpoint
1,uniform_write,duty=0,0,64,65,0.496124,counts are separate; do not collapse to one success rate as endpoint
1,uniform_write,CBC-P2P-1/16,7,57,65,0.496124,counts are separate; do not collapse to one success rate as endpoint
1,uniform_write,CBC-P2P-1/8,14,50,65,0.496124,counts are separate; do not collapse to one success rate as endpoint
1,uniform_write,CBC-coll-1/4,17,47,65,0.496124,counts are separate; do not collapse to one success rate as endpoint
1,uniform_write,CBC-coll-1/2,19,45,65,0.496124,counts are separate; do not collapse to one success rate as endpoint
1,uniform_write,fixed-high-1/2,19,45,65,0.496124,counts are separate; do not collapse to one success rate as endpoint
1,broadcast,calendar-off,0,64,0,1.000000,counts are separate; do not collapse to one success rate as endpoint
1,broadcast,duty=0,0,64,0,1.000000,counts are separate; do not collapse to one success rate as endpoint
1,broadcast,CBC-P2P-1/16,13,51,0,1.000000,counts are separate; do not collapse to one success rate as endpoint
1,broadcast,CBC-P2P-1/8,22,42,0,1.000000,counts are separate; do not collapse to one success rate as endpoint
1,broadcast,CBC-coll-1/4,24,40,0,1.000000,counts are separate; do not collapse to one success rate as endpoint
1,broadcast,CBC-coll-1/2,19,45,0,1.000000,counts are separate; do not collapse to one success rate as endpoint
1,broadcast,fixed-high-1/2,19,45,0,1.000000,counts are separate; do not collapse to one success rate as endpoint
1,gather,calendar-off,0,64,149,0.300469,counts are separate; do not collapse to one success rate as endpoint
1,gather,duty=0,0,64,149,0.300469,counts are separate; do not collapse to one success rate as endpoint
1,gather,CBC-P2P-1/16,15,49,149,0.300469,counts are separate; do not collapse to one success rate as endpoint
1,gather,CBC-P2P-1/8,30,34,149,0.300469,counts are separate; do not collapse to one success rate as endpoint
1,gather,CBC-coll-1/4,32,32,149,0.300469,counts are separate; do not collapse to one success rate as endpoint
1,gather,CBC-coll-1/2,28,36,149,0.300469,counts are separate; do not collapse to one success rate as endpoint
1,gather,fixed-high-1/2,28,36,149,0.300469,counts are separate; do not collapse to one success rate as endpoint
1,reduce,calendar-off,0,64,149,0.300469,counts are separate; do not collapse to one success rate as endpoint
1,reduce,duty=0,0,64,149,0.300469,counts are separate; do not collapse to one success rate as endpoint
1,reduce,CBC-P2P-1/16,15,49,149,0.300469,counts are separate; do not collapse to one success rate as endpoint
1,reduce,CBC-P2P-1/8,30,34,149,0.300469,counts are separate; do not collapse to one success rate as endpoint
1,reduce,CBC-coll-1/4,32,32,149,0.300469,counts are separate; do not collapse to one success rate as endpoint
1,reduce,CBC-coll-1/2,28,36,149,0.300469,counts are separate; do not collapse to one success rate as endpoint
1,reduce,fixed-high-1/2,28,36,149,0.300469,counts are separate; do not collapse to one success rate as endpoint
1,allgather,calendar-off,0,64,67,0.488550,counts are separate; do not collapse to one success rate as endpoint
1,allgather,duty=0,0,64,67,0.488550,counts are separate; do not collapse to one success rate as endpoint
1,allgather,CBC-P2P-1/16,7,57,67,0.488550,counts are separate; do not collapse to one success rate as endpoint
1,allgather,CBC-P2P-1/8,14,50,67,0.488550,counts are separate; do not collapse to one success rate as endpoint
1,allgather,CBC-coll-1/4,17,47,67,0.488550,counts are separate; do not collapse to one success rate as endpoint
1,allgather,CBC-coll-1/2,18,46,67,0.488550,counts are separate; do not collapse to one success rate as endpoint
1,allgather,fixed-high-1/2,18,46,67,0.488550,counts are separate; do not collapse to one success rate as endpoint
1,allreduce,calendar-off,0,64,75,0.460432,counts are separate; do not collapse to one success rate as endpoint
1,allreduce,duty=0,0,64,75,0.460432,counts are separate; do not collapse to one success rate as endpoint
1,allreduce,CBC-P2P-1/16,8,56,75,0.460432,counts are separate; do not collapse to one success rate as endpoint
1,allreduce,CBC-P2P-1/8,15,49,75,0.460432,counts are separate; do not collapse to one success rate as endpoint
1,allreduce,CBC-coll-1/4,17,47,75,0.460432,counts are separate; do not collapse to one success rate as endpoint
1,allreduce,CBC-coll-1/2,17,47,75,0.460432,counts are separate; do not collapse to one success rate as endpoint
1,allreduce,fixed-high-1/2,17,47,75,0.460432,counts are separate; do not collapse to one success rate as endpoint
1,alltoall,calendar-off,0,64,67,0.488550,counts are separate; do not collapse to one success rate as endpoint
1,alltoall,duty=0,0,64,67,0.488550,counts are separate; do not collapse to one success rate as endpoint
1,alltoall,CBC-P2P-1/16,7,57,67,0.488550,counts are separate; do not collapse to one success rate as endpoint
1,alltoall,CBC-P2P-1/8,13,51,67,0.488550,counts are separate; do not collapse to one success rate as endpoint
1,alltoall,CBC-coll-1/4,17,47,67,0.488550,counts are separate; do not collapse to one success rate as endpoint
1,alltoall,CBC-coll-1/2,18,46,67,0.488550,counts are separate; do not collapse to one success rate as endpoint
1,alltoall,fixed-high-1/2,18,46,67,0.488550,counts are separate; do not collapse to one success rate as endpoint
2,uniform_read,calendar-off,0,64,62,0.507937,counts are separate; do not collapse to one success rate as endpoint
2,uniform_read,duty=0,0,64,62,0.507937,counts are separate; do not collapse to one success rate as endpoint
2,uniform_read,CBC-P2P-1/16,6,58,62,0.507937,counts are separate; do not collapse to one success rate as endpoint
2,uniform_read,CBC-P2P-1/8,12,52,62,0.507937,counts are separate; do not collapse to one success rate as endpoint
2,uniform_read,CBC-coll-1/4,16,48,62,0.507937,counts are separate; do not collapse to one success rate as endpoint
2,uniform_read,CBC-coll-1/2,17,47,62,0.507937,counts are separate; do not collapse to one success rate as endpoint
2,uniform_read,fixed-high-1/2,17,47,62,0.507937,counts are separate; do not collapse to one success rate as endpoint
2,uniform_write,calendar-off,0,64,62,0.507937,counts are separate; do not collapse to one success rate as endpoint
2,uniform_write,duty=0,0,64,62,0.507937,counts are separate; do not collapse to one success rate as endpoint
2,uniform_write,CBC-P2P-1/16,6,58,62,0.507937,counts are separate; do not collapse to one success rate as endpoint
2,uniform_write,CBC-P2P-1/8,12,52,62,0.507937,counts are separate; do not collapse to one success rate as endpoint
2,uniform_write,CBC-coll-1/4,16,48,62,0.507937,counts are separate; do not collapse to one success rate as endpoint
2,uniform_write,CBC-coll-1/2,17,47,62,0.507937,counts are separate; do not collapse to one success rate as endpoint
2,uniform_write,fixed-high-1/2,17,47,62,0.507937,counts are separate; do not collapse to one success rate as endpoint
2,broadcast,calendar-off,0,64,0,1.000000,counts are separate; do not collapse to one success rate as endpoint
2,broadcast,duty=0,0,64,0,1.000000,counts are separate; do not collapse to one success rate as endpoint
2,broadcast,CBC-P2P-1/16,13,51,0,1.000000,counts are separate; do not collapse to one success rate as endpoint
2,broadcast,CBC-P2P-1/8,22,42,0,1.000000,counts are separate; do not collapse to one success rate as endpoint
2,broadcast,CBC-coll-1/4,24,40,0,1.000000,counts are separate; do not collapse to one success rate as endpoint
2,broadcast,CBC-coll-1/2,19,45,0,1.000000,counts are separate; do not collapse to one success rate as endpoint
2,broadcast,fixed-high-1/2,19,45,0,1.000000,counts are separate; do not collapse to one success rate as endpoint
2,gather,calendar-off,0,64,149,0.300469,counts are separate; do not collapse to one success rate as endpoint
2,gather,duty=0,0,64,149,0.300469,counts are separate; do not collapse to one success rate as endpoint
2,gather,CBC-P2P-1/16,15,49,149,0.300469,counts are separate; do not collapse to one success rate as endpoint
2,gather,CBC-P2P-1/8,30,34,149,0.300469,counts are separate; do not collapse to one success rate as endpoint
2,gather,CBC-coll-1/4,32,32,149,0.300469,counts are separate; do not collapse to one success rate as endpoint
2,gather,CBC-coll-1/2,28,36,149,0.300469,counts are separate; do not collapse to one success rate as endpoint
2,gather,fixed-high-1/2,28,36,149,0.300469,counts are separate; do not collapse to one success rate as endpoint
2,reduce,calendar-off,0,64,149,0.300469,counts are separate; do not collapse to one success rate as endpoint
2,reduce,duty=0,0,64,149,0.300469,counts are separate; do not collapse to one success rate as endpoint
2,reduce,CBC-P2P-1/16,15,49,149,0.300469,counts are separate; do not collapse to one success rate as endpoint
2,reduce,CBC-P2P-1/8,30,34,149,0.300469,counts are separate; do not collapse to one success rate as endpoint
2,reduce,CBC-coll-1/4,32,32,149,0.300469,counts are separate; do not collapse to one success rate as endpoint
2,reduce,CBC-coll-1/2,28,36,149,0.300469,counts are separate; do not collapse to one success rate as endpoint
2,reduce,fixed-high-1/2,28,36,149,0.300469,counts are separate; do not collapse to one success rate as endpoint
2,allgather,calendar-off,0,64,67,0.488550,counts are separate; do not collapse to one success rate as endpoint
2,allgather,duty=0,0,64,67,0.488550,counts are separate; do not collapse to one success rate as endpoint
2,allgather,CBC-P2P-1/16,7,57,67,0.488550,counts are separate; do not collapse to one success rate as endpoint
2,allgather,CBC-P2P-1/8,14,50,67,0.488550,counts are separate; do not collapse to one success rate as endpoint
2,allgather,CBC-coll-1/4,17,47,67,0.488550,counts are separate; do not collapse to one success rate as endpoint
2,allgather,CBC-coll-1/2,18,46,67,0.488550,counts are separate; do not collapse to one success rate as endpoint
2,allgather,fixed-high-1/2,18,46,67,0.488550,counts are separate; do not collapse to one success rate as endpoint
2,allreduce,calendar-off,0,64,75,0.460432,counts are separate; do not collapse to one success rate as endpoint
2,allreduce,duty=0,0,64,75,0.460432,counts are separate; do not collapse to one success rate as endpoint
2,allreduce,CBC-P2P-1/16,8,56,75,0.460432,counts are separate; do not collapse to one success rate as endpoint
2,allreduce,CBC-P2P-1/8,15,49,75,0.460432,counts are separate; do not collapse to one success rate as endpoint
2,allreduce,CBC-coll-1/4,17,47,75,0.460432,counts are separate; do not collapse to one success rate as endpoint
2,allreduce,CBC-coll-1/2,17,47,75,0.460432,counts are separate; do not collapse to one success rate as endpoint
2,allreduce,fixed-high-1/2,17,47,75,0.460432,counts are separate; do not collapse to one success rate as endpoint
2,alltoall,calendar-off,0,64,58,0.524590,counts are separate; do not collapse to one success rate as endpoint
2,alltoall,duty=0,0,64,58,0.524590,counts are separate; do not collapse to one success rate as endpoint
2,alltoall,CBC-P2P-1/16,7,57,58,0.524590,counts are separate; do not collapse to one success rate as endpoint
2,alltoall,CBC-P2P-1/8,13,51,58,0.524590,counts are separate; do not collapse to one success rate as endpoint
2,alltoall,CBC-coll-1/4,16,48,58,0.524590,counts are separate; do not collapse to one success rate as endpoint
2,alltoall,CBC-coll-1/2,18,46,58,0.524590,counts are separate; do not collapse to one success rate as endpoint
2,alltoall,fixed-high-1/2,18,46,58,0.524590,counts are separate; do not collapse to one success rate as endpoint
