trial,class,arm,n_dest_main,n_dest_ghost,hard2_collapsed,note
0,gather,rebind-off,1,0,False,512B window = 1 txn; gather dest is workload-collapsed
0,gather,3:1,1,1,False,512B window = 1 txn; gather dest is workload-collapsed
0,gather,7:1,1,1,False,512B window = 1 txn; gather dest is workload-collapsed
0,gather,15:1,1,1,False,512B window = 1 txn; gather dest is workload-collapsed
0,uniform_read,rebind-off,12,0,False,512B window = 1 txn; gather dest is workload-collapsed
0,uniform_read,3:1,8,6,False,512B window = 1 txn; gather dest is workload-collapsed
0,uniform_read,7:1,8,6,False,512B window = 1 txn; gather dest is workload-collapsed
0,uniform_read,15:1,8,6,False,512B window = 1 txn; gather dest is workload-collapsed
0,uniform_write,rebind-off,12,0,False,512B window = 1 txn; gather dest is workload-collapsed
0,uniform_write,3:1,8,6,False,512B window = 1 txn; gather dest is workload-collapsed
0,uniform_write,7:1,8,6,False,512B window = 1 txn; gather dest is workload-collapsed
0,uniform_write,15:1,8,6,False,512B window = 1 txn; gather dest is workload-collapsed
0,snp_path,rebind-off,0,0,False,512B window = 1 txn; gather dest is workload-collapsed
0,snp_path,3:1,0,0,False,512B window = 1 txn; gather dest is workload-collapsed
0,snp_path,7:1,0,0,False,512B window = 1 txn; gather dest is workload-collapsed
0,snp_path,15:1,0,0,False,512B window = 1 txn; gather dest is workload-collapsed
1,gather,rebind-off,1,0,False,512B window = 1 txn; gather dest is workload-collapsed
1,gather,3:1,1,1,False,512B window = 1 txn; gather dest is workload-collapsed
1,gather,7:1,1,1,False,512B window = 1 txn; gather dest is workload-collapsed
1,gather,15:1,1,1,False,512B window = 1 txn; gather dest is workload-collapsed
1,uniform_read,rebind-off,12,0,False,512B window = 1 txn; gather dest is workload-collapsed
1,uniform_read,3:1,9,6,False,512B window = 1 txn; gather dest is workload-collapsed
1,uniform_read,7:1,9,6,False,512B window = 1 txn; gather dest is workload-collapsed
1,uniform_read,15:1,9,6,False,512B window = 1 txn; gather dest is workload-collapsed
1,uniform_write,rebind-off,12,0,False,512B window = 1 txn; gather dest is workload-collapsed
1,uniform_write,3:1,9,6,False,512B window = 1 txn; gather dest is workload-collapsed
1,uniform_write,7:1,9,6,False,512B window = 1 txn; gather dest is workload-collapsed
1,uniform_write,15:1,9,6,False,512B window = 1 txn; gather dest is workload-collapsed
1,snp_path,rebind-off,0,0,False,512B window = 1 txn; gather dest is workload-collapsed
1,snp_path,3:1,0,0,False,512B window = 1 txn; gather dest is workload-collapsed
1,snp_path,7:1,0,0,False,512B window = 1 txn; gather dest is workload-collapsed
1,snp_path,15:1,0,0,False,512B window = 1 txn; gather dest is workload-collapsed
2,gather,rebind-off,1,0,False,512B window = 1 txn; gather dest is workload-collapsed
2,gather,3:1,1,1,False,512B window = 1 txn; gather dest is workload-collapsed
2,gather,7:1,1,1,False,512B window = 1 txn; gather dest is workload-collapsed
2,gather,15:1,1,1,False,512B window = 1 txn; gather dest is workload-collapsed
2,uniform_read,rebind-off,12,0,False,512B window = 1 txn; gather dest is workload-collapsed
2,uniform_read,3:1,8,6,False,512B window = 1 txn; gather dest is workload-collapsed
2,uniform_read,7:1,8,6,False,512B window = 1 txn; gather dest is workload-collapsed
2,uniform_read,15:1,8,6,False,512B window = 1 txn; gather dest is workload-collapsed
2,uniform_write,rebind-off,12,0,False,512B window = 1 txn; gather dest is workload-collapsed
2,uniform_write,3:1,8,6,False,512B window = 1 txn; gather dest is workload-collapsed
2,uniform_write,7:1,8,6,False,512B window = 1 txn; gather dest is workload-collapsed
2,uniform_write,15:1,8,6,False,512B window = 1 txn; gather dest is workload-collapsed
2,snp_path,rebind-off,0,0,False,512B window = 1 txn; gather dest is workload-collapsed
2,snp_path,3:1,0,0,False,512B window = 1 txn; gather dest is workload-collapsed
2,snp_path,7:1,0,0,False,512B window = 1 txn; gather dest is workload-collapsed
2,snp_path,15:1,0,0,False,512B window = 1 txn; gather dest is workload-collapsed
