class,arm,makespan_ci,c_dat_eff_ci,mean_makespan,ci95_hw,n,card_claim,card_claim_is_measured,hypothesis
allgather,15:1,30.00 ± 0.00 (n=3),1.6461 ± 0.0000 (n=3),30.0,0.0,3,0.55-0.85x,False,H-RING-BB
allgather,3:1,30.00 ± 0.00 (n=3),1.4988 ± 0.0000 (n=3),30.0,0.0,3,0.55-0.85x,False,H-RING-BB
allgather,7:1,30.00 ± 0.00 (n=3),1.5970 ± 0.0000 (n=3),30.0,0.0,3,0.55-0.85x,False,H-RING-BB
allgather,rebind-off,45.00 ± 0.00 (n=3),1.0000 ± 0.0000 (n=3),45.0,0.0,3,0.55-0.85x,False,H-RING-BB
allreduce,15:1,52.00 ± 0.00 (n=3),1.7111 ± 0.0000 (n=3),52.0,0.0,3,0.55-0.85x,False,H-RING-BB
allreduce,3:1,52.00 ± 0.00 (n=3),1.5519 ± 0.0000 (n=3),52.0,0.0,3,0.55-0.85x,False,H-RING-BB
allreduce,7:1,52.00 ± 0.00 (n=3),1.6580 ± 0.0000 (n=3),52.0,0.0,3,0.55-0.85x,False,H-RING-BB
allreduce,rebind-off,52.00 ± 0.00 (n=3),1.0000 ± 0.0000 (n=3),52.0,0.0,3,0.55-0.85x,False,H-RING-BB
alltoall,15:1,17.67 ± 1.73 (n=3),1.5783 ± 0.0125 (n=3),17.666666666666668,1.728557523228866,3,0.55-0.85x,False,H-RING-BB
alltoall,3:1,17.67 ± 1.73 (n=3),1.4434 ± 0.0102 (n=3),17.666666666666668,1.728557523228866,3,0.55-0.85x,False,H-RING-BB
alltoall,7:1,17.67 ± 1.73 (n=3),1.5333 ± 0.0118 (n=3),17.666666666666668,1.728557523228866,3,0.55-0.85x,False,H-RING-BB
alltoall,rebind-off,24.67 ± 1.73 (n=3),1.0000 ± 0.0000 (n=3),24.666666666666668,1.728557523228866,3,0.55-0.85x,False,H-RING-BB
broadcast,15:1,100.00 ± 0.00 (n=3),1.7718 ± 0.0000 (n=3),100.0,0.0,3,n/a-neutral,False,H-RING-BB
broadcast,3:1,100.00 ± 0.00 (n=3),1.6015 ± 0.0000 (n=3),100.0,0.0,3,n/a-neutral,False,H-RING-BB
broadcast,7:1,100.00 ± 0.00 (n=3),1.7151 ± 0.0000 (n=3),100.0,0.0,3,n/a-neutral,False,H-RING-BB
broadcast,rebind-off,100.00 ± 0.00 (n=3),1.0000 ± 0.0000 (n=3),100.0,0.0,3,n/a-neutral,False,H-RING-BB
gather,15:1,27.00 ± 0.00 (n=3),1.6328 ± 0.0000 (n=3),27.0,0.0,3,0.55-0.85x,False,H-RING-BB
gather,3:1,27.00 ± 0.00 (n=3),1.4879 ± 0.0000 (n=3),27.0,0.0,3,0.55-0.85x,False,H-RING-BB
gather,7:1,27.00 ± 0.00 (n=3),1.5845 ± 0.0000 (n=3),27.0,0.0,3,0.55-0.85x,False,H-RING-BB
gather,rebind-off,49.00 ± 0.00 (n=3),1.0000 ± 0.0000 (n=3),49.0,0.0,3,0.55-0.85x,False,H-RING-BB
reduce,15:1,27.00 ± 0.00 (n=3),1.6328 ± 0.0000 (n=3),27.0,0.0,3,0.55-0.85x,False,H-RING-BB
reduce,3:1,27.00 ± 0.00 (n=3),1.4879 ± 0.0000 (n=3),27.0,0.0,3,0.55-0.85x,False,H-RING-BB
reduce,7:1,27.00 ± 0.00 (n=3),1.5845 ± 0.0000 (n=3),27.0,0.0,3,0.55-0.85x,False,H-RING-BB
reduce,rebind-off,49.00 ± 0.00 (n=3),1.0000 ± 0.0000 (n=3),49.0,0.0,3,0.55-0.85x,False,H-RING-BB
snp_path,15:1,426.33 ± 160.10 (n=3),1.7015 ± 0.0024 (n=3),426.3333333333333,160.1026626192637,3,<=1.4x kill,False,H-RING-BB
snp_path,3:1,25.00 ± 2.26 (n=3),1.5559 ± 0.0013 (n=3),25.0,2.263213055223333,3,<=1.4x kill,False,H-RING-BB
snp_path,7:1,178.00 ± 151.93 (n=3),1.6535 ± 0.0079 (n=3),178.0,151.9263418019842,3,<=1.4x kill,False,H-RING-BB
snp_path,rebind-off,25.00 ± 2.26 (n=3),1.0000 ± 0.0000 (n=3),25.0,2.263213055223333,3,<=1.4x kill,False,H-RING-BB
uniform_read,15:1,20.67 ± 3.64 (n=3),1.5975 ± 0.0235 (n=3),20.666666666666668,3.637606050382281,3,0.55-0.85x,False,H-RING-BB
uniform_read,3:1,20.67 ± 3.64 (n=3),1.4591 ± 0.0192 (n=3),20.666666666666668,3.637606050382281,3,0.55-0.85x,False,H-RING-BB
uniform_read,7:1,20.67 ± 3.64 (n=3),1.5514 ± 0.0221 (n=3),20.666666666666668,3.637606050382281,3,0.55-0.85x,False,H-RING-BB
uniform_read,rebind-off,25.00 ± 2.26 (n=3),1.0000 ± 0.0000 (n=3),25.0,2.263213055223333,3,0.55-0.85x,False,H-RING-BB
uniform_write,15:1,20.67 ± 3.64 (n=3),1.5975 ± 0.0235 (n=3),20.666666666666668,3.637606050382281,3,0.85-1.05x,False,H-RING-BB
uniform_write,3:1,20.67 ± 3.64 (n=3),1.4591 ± 0.0192 (n=3),20.666666666666668,3.637606050382281,3,0.85-1.05x,False,H-RING-BB
uniform_write,7:1,20.67 ± 3.64 (n=3),1.5514 ± 0.0221 (n=3),20.666666666666668,3.637606050382281,3,0.85-1.05x,False,H-RING-BB
uniform_write,rebind-off,25.00 ± 2.26 (n=3),1.0000 ± 0.0000 (n=3),25.0,2.263213055223333,3,0.85-1.05x,False,H-RING-BB
