trial,class,arm,duty_dat,c_dat_eff,c_dat_ideal,leq_ideal,lt2,f_steady,tau_drain,tau_sync,tau_bind,tax,tax_gt_0,untaxed_double,ghost_slots,hypothesis
0,uniform_read,rebind-off,0.0000,1.0000,1.0000,True,True,1.0000,0.0000,0.0000,0.0000,0.0000,True,False,0,H-TMUX
0,uniform_read,3:1,0.7500,1.4712,1.7500,True,True,0.7527,0.2473,0.0714,0.0220,0.3407,True,False,123,H-TMUX
0,uniform_read,7:1,0.8750,1.5652,1.8750,True,True,0.7527,0.2473,0.0714,0.0220,0.3407,True,False,123,H-TMUX
0,uniform_read,15:1,0.9375,1.6123,1.9375,True,True,0.7527,0.2473,0.0714,0.0220,0.3407,True,False,123,H-TMUX
0,uniform_write,rebind-off,0.0000,1.0000,1.0000,True,True,1.0000,0.0000,0.0000,0.0000,0.0000,True,False,0,H-TMUX
0,uniform_write,3:1,0.7500,1.4712,1.7500,True,True,0.7527,0.2473,0.0714,0.0220,0.3407,True,False,123,H-TMUX
0,uniform_write,7:1,0.8750,1.5652,1.8750,True,True,0.7527,0.2473,0.0714,0.0220,0.3407,True,False,123,H-TMUX
0,uniform_write,15:1,0.9375,1.6123,1.9375,True,True,0.7527,0.2473,0.0714,0.0220,0.3407,True,False,123,H-TMUX
0,broadcast,rebind-off,0.0000,1.0000,1.0000,True,True,1.0000,0.0000,0.0000,0.0000,0.0000,True,False,0,H-TMUX
0,broadcast,3:1,0.7500,1.6015,1.7500,True,True,0.9082,0.0918,0.0714,0.0082,0.1714,True,False,174,H-TMUX
0,broadcast,7:1,0.8750,1.7151,1.8750,True,True,0.9082,0.0918,0.0714,0.0082,0.1714,True,False,174,H-TMUX
0,broadcast,15:1,0.9375,1.7718,1.9375,True,True,0.9082,0.0918,0.0714,0.0082,0.1714,True,False,174,H-TMUX
0,gather,rebind-off,0.0000,1.0000,1.0000,True,True,1.0000,0.0000,0.0000,0.0000,0.0000,True,False,0,H-TMUX
0,gather,3:1,0.7500,1.4879,1.7500,True,True,0.7727,0.2273,0.0714,0.0202,0.3189,True,False,205,H-TMUX
0,gather,7:1,0.8750,1.5845,1.8750,True,True,0.7727,0.2273,0.0714,0.0202,0.3189,True,False,205,H-TMUX
0,gather,15:1,0.9375,1.6328,1.9375,True,True,0.7727,0.2273,0.0714,0.0202,0.3189,True,False,205,H-TMUX
0,reduce,rebind-off,0.0000,1.0000,1.0000,True,True,1.0000,0.0000,0.0000,0.0000,0.0000,True,False,0,H-TMUX
0,reduce,3:1,0.7500,1.4879,1.7500,True,True,0.7727,0.2273,0.0714,0.0202,0.3189,True,False,205,H-TMUX
0,reduce,7:1,0.8750,1.5845,1.8750,True,True,0.7727,0.2273,0.0714,0.0202,0.3189,True,False,205,H-TMUX
0,reduce,15:1,0.9375,1.6328,1.9375,True,True,0.7727,0.2273,0.0714,0.0202,0.3189,True,False,205,H-TMUX
0,allgather,rebind-off,0.0000,1.0000,1.0000,True,True,1.0000,0.0000,0.0000,0.0000,0.0000,True,False,0,H-TMUX
0,allgather,3:1,0.7500,1.4988,1.7500,True,True,0.7857,0.2143,0.0714,0.0190,0.3048,True,False,178,H-TMUX
0,allgather,7:1,0.8750,1.5970,1.8750,True,True,0.7857,0.2143,0.0714,0.0190,0.3048,True,False,178,H-TMUX
0,allgather,15:1,0.9375,1.6461,1.9375,True,True,0.7857,0.2143,0.0714,0.0190,0.3048,True,False,178,H-TMUX
0,allreduce,rebind-off,0.0000,1.0000,1.0000,True,True,1.0000,0.0000,0.0000,0.0000,0.0000,True,False,0,H-TMUX
0,allreduce,3:1,0.7500,1.5519,1.7500,True,True,0.8490,0.1510,0.0714,0.0134,0.2359,True,False,197,H-TMUX
0,allreduce,7:1,0.8750,1.6580,1.8750,True,True,0.8490,0.1510,0.0714,0.0134,0.2359,True,False,197,H-TMUX
0,allreduce,15:1,0.9375,1.7111,1.9375,True,True,0.8490,0.1510,0.0714,0.0134,0.2359,True,False,197,H-TMUX
0,alltoall,rebind-off,0.0000,1.0000,1.0000,True,True,1.0000,0.0000,0.0000,0.0000,0.0000,True,False,0,H-TMUX
0,alltoall,3:1,0.7500,1.4334,1.7500,True,True,0.7078,0.2922,0.0714,0.0260,0.3896,True,False,184,H-TMUX
0,alltoall,7:1,0.8750,1.5219,1.8750,True,True,0.7078,0.2922,0.0714,0.0260,0.3896,True,False,184,H-TMUX
0,alltoall,15:1,0.9375,1.5662,1.9375,True,True,0.7078,0.2922,0.0714,0.0260,0.3896,True,False,184,H-TMUX
0,snp_path,rebind-off,0.0000,1.0000,1.0000,True,True,1.0000,0.0000,0.0000,0.0000,0.0000,True,False,0,H-TMUX
0,snp_path,3:1,0.7500,1.5570,1.7500,True,True,0.8441,0.1559,0.0714,0.0046,0.2319,True,False,0,H-TMUX
0,snp_path,7:1,0.8750,1.6504,1.8750,True,True,0.8319,0.1681,0.0714,0.0061,0.2457,True,False,0,H-TMUX
0,snp_path,15:1,0.9375,1.7010,1.9375,True,True,0.8311,0.1689,0.0714,0.0066,0.2470,True,False,0,H-TMUX
1,uniform_read,rebind-off,0.0000,1.0000,1.0000,True,True,1.0000,0.0000,0.0000,0.0000,0.0000,True,False,0,H-TMUX
1,uniform_read,3:1,0.7500,1.4665,1.7500,True,True,0.7472,0.2528,0.0714,0.0225,0.3467,True,False,123,H-TMUX
1,uniform_read,7:1,0.8750,1.5599,1.8750,True,True,0.7472,0.2528,0.0714,0.0225,0.3467,True,False,123,H-TMUX
1,uniform_read,15:1,0.9375,1.6066,1.9375,True,True,0.7472,0.2528,0.0714,0.0225,0.3467,True,False,123,H-TMUX
1,uniform_write,rebind-off,0.0000,1.0000,1.0000,True,True,1.0000,0.0000,0.0000,0.0000,0.0000,True,False,0,H-TMUX
1,uniform_write,3:1,0.7500,1.4665,1.7500,True,True,0.7472,0.2528,0.0714,0.0225,0.3467,True,False,123,H-TMUX
1,uniform_write,7:1,0.8750,1.5599,1.8750,True,True,0.7472,0.2528,0.0714,0.0225,0.3467,True,False,123,H-TMUX
1,uniform_write,15:1,0.9375,1.6066,1.9375,True,True,0.7472,0.2528,0.0714,0.0225,0.3467,True,False,123,H-TMUX
1,broadcast,rebind-off,0.0000,1.0000,1.0000,True,True,1.0000,0.0000,0.0000,0.0000,0.0000,True,False,0,H-TMUX
1,broadcast,3:1,0.7500,1.6015,1.7500,True,True,0.9082,0.0918,0.0714,0.0082,0.1714,True,False,174,H-TMUX
1,broadcast,7:1,0.8750,1.7151,1.8750,True,True,0.9082,0.0918,0.0714,0.0082,0.1714,True,False,174,H-TMUX
1,broadcast,15:1,0.9375,1.7718,1.9375,True,True,0.9082,0.0918,0.0714,0.0082,0.1714,True,False,174,H-TMUX
1,gather,rebind-off,0.0000,1.0000,1.0000,True,True,1.0000,0.0000,0.0000,0.0000,0.0000,True,False,0,H-TMUX
1,gather,3:1,0.7500,1.4879,1.7500,True,True,0.7727,0.2273,0.0714,0.0202,0.3189,True,False,205,H-TMUX
1,gather,7:1,0.8750,1.5845,1.8750,True,True,0.7727,0.2273,0.0714,0.0202,0.3189,True,False,205,H-TMUX
1,gather,15:1,0.9375,1.6328,1.9375,True,True,0.7727,0.2273,0.0714,0.0202,0.3189,True,False,205,H-TMUX
1,reduce,rebind-off,0.0000,1.0000,1.0000,True,True,1.0000,0.0000,0.0000,0.0000,0.0000,True,False,0,H-TMUX
1,reduce,3:1,0.7500,1.4879,1.7500,True,True,0.7727,0.2273,0.0714,0.0202,0.3189,True,False,205,H-TMUX
1,reduce,7:1,0.8750,1.5845,1.8750,True,True,0.7727,0.2273,0.0714,0.0202,0.3189,True,False,205,H-TMUX
1,reduce,15:1,0.9375,1.6328,1.9375,True,True,0.7727,0.2273,0.0714,0.0202,0.3189,True,False,205,H-TMUX
1,allgather,rebind-off,0.0000,1.0000,1.0000,True,True,1.0000,0.0000,0.0000,0.0000,0.0000,True,False,0,H-TMUX
1,allgather,3:1,0.7500,1.4988,1.7500,True,True,0.7857,0.2143,0.0714,0.0190,0.3048,True,False,178,H-TMUX
1,allgather,7:1,0.8750,1.5970,1.8750,True,True,0.7857,0.2143,0.0714,0.0190,0.3048,True,False,178,H-TMUX
1,allgather,15:1,0.9375,1.6461,1.9375,True,True,0.7857,0.2143,0.0714,0.0190,0.3048,True,False,178,H-TMUX
1,allreduce,rebind-off,0.0000,1.0000,1.0000,True,True,1.0000,0.0000,0.0000,0.0000,0.0000,True,False,0,H-TMUX
1,allreduce,3:1,0.7500,1.5519,1.7500,True,True,0.8490,0.1510,0.0714,0.0134,0.2359,True,False,197,H-TMUX
1,allreduce,7:1,0.8750,1.6580,1.8750,True,True,0.8490,0.1510,0.0714,0.0134,0.2359,True,False,197,H-TMUX
1,allreduce,15:1,0.9375,1.7111,1.9375,True,True,0.8490,0.1510,0.0714,0.0134,0.2359,True,False,197,H-TMUX
1,alltoall,rebind-off,0.0000,1.0000,1.0000,True,True,1.0000,0.0000,0.0000,0.0000,0.0000,True,False,0,H-TMUX
1,alltoall,3:1,0.7500,1.4512,1.7500,True,True,0.7289,0.2711,0.0714,0.0241,0.3666,True,False,140,H-TMUX
1,alltoall,7:1,0.8750,1.5423,1.8750,True,True,0.7289,0.2711,0.0714,0.0241,0.3666,True,False,140,H-TMUX
1,alltoall,15:1,0.9375,1.5878,1.9375,True,True,0.7289,0.2711,0.0714,0.0241,0.3666,True,False,140,H-TMUX
1,snp_path,rebind-off,0.0000,1.0000,1.0000,True,True,1.0000,0.0000,0.0000,0.0000,0.0000,True,False,0,H-TMUX
1,snp_path,3:1,0.7500,1.5559,1.7500,True,True,0.8427,0.1573,0.0714,0.0047,0.2334,True,False,0,H-TMUX
1,snp_path,7:1,0.8750,1.6487,1.8750,True,True,0.8301,0.1699,0.0714,0.0062,0.2475,True,False,0,H-TMUX
1,snp_path,15:1,0.9375,1.6997,1.9375,True,True,0.8297,0.1703,0.0714,0.0067,0.2485,True,False,0,H-TMUX
2,uniform_read,rebind-off,0.0000,1.0000,1.0000,True,True,1.0000,0.0000,0.0000,0.0000,0.0000,True,False,0,H-TMUX
2,uniform_read,3:1,0.7500,1.4396,1.7500,True,True,0.7152,0.2848,0.0714,0.0253,0.3816,True,False,157,H-TMUX
2,uniform_read,7:1,0.8750,1.5290,1.8750,True,True,0.7152,0.2848,0.0714,0.0253,0.3816,True,False,157,H-TMUX
2,uniform_read,15:1,0.9375,1.5737,1.9375,True,True,0.7152,0.2848,0.0714,0.0253,0.3816,True,False,157,H-TMUX
2,uniform_write,rebind-off,0.0000,1.0000,1.0000,True,True,1.0000,0.0000,0.0000,0.0000,0.0000,True,False,0,H-TMUX
2,uniform_write,3:1,0.7500,1.4396,1.7500,True,True,0.7152,0.2848,0.0714,0.0253,0.3816,True,False,157,H-TMUX
2,uniform_write,7:1,0.8750,1.5290,1.8750,True,True,0.7152,0.2848,0.0714,0.0253,0.3816,True,False,157,H-TMUX
2,uniform_write,15:1,0.9375,1.5737,1.9375,True,True,0.7152,0.2848,0.0714,0.0253,0.3816,True,False,157,H-TMUX
2,broadcast,rebind-off,0.0000,1.0000,1.0000,True,True,1.0000,0.0000,0.0000,0.0000,0.0000,True,False,0,H-TMUX
2,broadcast,3:1,0.7500,1.6015,1.7500,True,True,0.9082,0.0918,0.0714,0.0082,0.1714,True,False,174,H-TMUX
2,broadcast,7:1,0.8750,1.7151,1.8750,True,True,0.9082,0.0918,0.0714,0.0082,0.1714,True,False,174,H-TMUX
2,broadcast,15:1,0.9375,1.7718,1.9375,True,True,0.9082,0.0918,0.0714,0.0082,0.1714,True,False,174,H-TMUX
2,gather,rebind-off,0.0000,1.0000,1.0000,True,True,1.0000,0.0000,0.0000,0.0000,0.0000,True,False,0,H-TMUX
2,gather,3:1,0.7500,1.4879,1.7500,True,True,0.7727,0.2273,0.0714,0.0202,0.3189,True,False,205,H-TMUX
2,gather,7:1,0.8750,1.5845,1.8750,True,True,0.7727,0.2273,0.0714,0.0202,0.3189,True,False,205,H-TMUX
2,gather,15:1,0.9375,1.6328,1.9375,True,True,0.7727,0.2273,0.0714,0.0202,0.3189,True,False,205,H-TMUX
2,reduce,rebind-off,0.0000,1.0000,1.0000,True,True,1.0000,0.0000,0.0000,0.0000,0.0000,True,False,0,H-TMUX
2,reduce,3:1,0.7500,1.4879,1.7500,True,True,0.7727,0.2273,0.0714,0.0202,0.3189,True,False,205,H-TMUX
2,reduce,7:1,0.8750,1.5845,1.8750,True,True,0.7727,0.2273,0.0714,0.0202,0.3189,True,False,205,H-TMUX
2,reduce,15:1,0.9375,1.6328,1.9375,True,True,0.7727,0.2273,0.0714,0.0202,0.3189,True,False,205,H-TMUX
2,allgather,rebind-off,0.0000,1.0000,1.0000,True,True,1.0000,0.0000,0.0000,0.0000,0.0000,True,False,0,H-TMUX
2,allgather,3:1,0.7500,1.4988,1.7500,True,True,0.7857,0.2143,0.0714,0.0190,0.3048,True,False,178,H-TMUX
2,allgather,7:1,0.8750,1.5970,1.8750,True,True,0.7857,0.2143,0.0714,0.0190,0.3048,True,False,178,H-TMUX
2,allgather,15:1,0.9375,1.6461,1.9375,True,True,0.7857,0.2143,0.0714,0.0190,0.3048,True,False,178,H-TMUX
2,allreduce,rebind-off,0.0000,1.0000,1.0000,True,True,1.0000,0.0000,0.0000,0.0000,0.0000,True,False,0,H-TMUX
2,allreduce,3:1,0.7500,1.5519,1.7500,True,True,0.8490,0.1510,0.0714,0.0134,0.2359,True,False,197,H-TMUX
2,allreduce,7:1,0.8750,1.6580,1.8750,True,True,0.8490,0.1510,0.0714,0.0134,0.2359,True,False,197,H-TMUX
2,allreduce,15:1,0.9375,1.7111,1.9375,True,True,0.8490,0.1510,0.0714,0.0134,0.2359,True,False,197,H-TMUX
2,alltoall,rebind-off,0.0000,1.0000,1.0000,True,True,1.0000,0.0000,0.0000,0.0000,0.0000,True,False,0,H-TMUX
2,alltoall,3:1,0.7500,1.4455,1.7500,True,True,0.7222,0.2778,0.0714,0.0247,0.3739,True,False,136,H-TMUX
2,alltoall,7:1,0.8750,1.5358,1.8750,True,True,0.7222,0.2778,0.0714,0.0247,0.3739,True,False,136,H-TMUX
2,alltoall,15:1,0.9375,1.5810,1.9375,True,True,0.7222,0.2778,0.0714,0.0247,0.3739,True,False,136,H-TMUX
2,snp_path,rebind-off,0.0000,1.0000,1.0000,True,True,1.0000,0.0000,0.0000,0.0000,0.0000,True,False,0,H-TMUX
2,snp_path,3:1,0.7500,1.5547,1.7500,True,True,0.8412,0.1588,0.0714,0.0047,0.2350,True,False,0,H-TMUX
2,snp_path,7:1,0.8750,1.6616,1.8750,True,True,0.8426,0.1574,0.0714,0.0043,0.2331,True,False,0,H-TMUX
2,snp_path,15:1,0.9375,1.7039,1.9375,True,True,0.8333,0.1667,0.0714,0.0059,0.2440,True,False,0,H-TMUX
