trial,seed,class,arm,duty_dat,n_nodes,n_txn,makespan,makespan_dat,makespan_snp,completed_dat,completed_snp,c_dat_eff,c_dat_ideal,f_steady,tax,t_drain_mean,mismatch,snp_stall,ghost_slots,aligned,oracle_used,hint_depends,card_claim,card_claim_is_measured,hypothesis
0,20260903,uniform_read,rebind-off,0.0000,14,96,27,27,0,96,0,1.0000,1.0000,1.0000,0.0000,0.00,0,0,0,True,False,False,0.55-0.85x,False,H-RING-BB
0,20260903,uniform_read,3:1,0.7500,14,96,23,23,0,96,0,1.4712,1.7500,0.7527,0.3407,22.50,0,0,123,True,False,False,0.55-0.85x,False,H-RING-BB
0,20260903,uniform_read,7:1,0.8750,14,96,23,23,0,96,0,1.5652,1.8750,0.7527,0.3407,22.50,0,0,123,True,False,False,0.55-0.85x,False,H-RING-BB
0,20260903,uniform_read,15:1,0.9375,14,96,23,23,0,96,0,1.6123,1.9375,0.7527,0.3407,22.50,0,0,123,True,False,False,0.55-0.85x,False,H-RING-BB
0,20260903,uniform_write,rebind-off,0.0000,14,96,27,27,0,96,0,1.0000,1.0000,1.0000,0.0000,0.00,0,0,0,True,False,False,0.85-1.05x,False,H-RING-BB
0,20260903,uniform_write,3:1,0.7500,14,96,23,23,0,96,0,1.4712,1.7500,0.7527,0.3407,22.50,0,0,123,True,False,False,0.85-1.05x,False,H-RING-BB
0,20260903,uniform_write,7:1,0.8750,14,96,23,23,0,96,0,1.5652,1.8750,0.7527,0.3407,22.50,0,0,123,True,False,False,0.85-1.05x,False,H-RING-BB
0,20260903,uniform_write,15:1,0.9375,14,96,23,23,0,96,0,1.6123,1.9375,0.7527,0.3407,22.50,0,0,123,True,False,False,0.85-1.05x,False,H-RING-BB
0,20260903,broadcast,rebind-off,0.0000,14,96,100,100,0,96,0,1.0000,1.0000,1.0000,0.0000,0.00,0,0,0,True,False,False,n/a-neutral,False,H-RING-BB
0,20260903,broadcast,3:1,0.7500,14,96,100,100,0,96,0,1.6015,1.7500,0.9082,0.1714,22.50,0,0,174,True,False,False,n/a-neutral,False,H-RING-BB
0,20260903,broadcast,7:1,0.8750,14,96,100,100,0,96,0,1.7151,1.8750,0.9082,0.1714,22.50,0,0,174,True,False,False,n/a-neutral,False,H-RING-BB
0,20260903,broadcast,15:1,0.9375,14,96,100,100,0,96,0,1.7718,1.9375,0.9082,0.1714,22.50,0,0,174,True,False,False,n/a-neutral,False,H-RING-BB
0,20260903,gather,rebind-off,0.0000,14,96,49,49,0,96,0,1.0000,1.0000,1.0000,0.0000,0.00,0,0,0,True,False,False,0.55-0.85x,False,H-RING-BB
0,20260903,gather,3:1,0.7500,14,96,27,27,0,96,0,1.4879,1.7500,0.7727,0.3189,22.50,0,0,205,True,False,False,0.55-0.85x,False,H-RING-BB
0,20260903,gather,7:1,0.8750,14,96,27,27,0,96,0,1.5845,1.8750,0.7727,0.3189,22.50,0,0,205,True,False,False,0.55-0.85x,False,H-RING-BB
0,20260903,gather,15:1,0.9375,14,96,27,27,0,96,0,1.6328,1.9375,0.7727,0.3189,22.50,0,0,205,True,False,False,0.55-0.85x,False,H-RING-BB
0,20260903,reduce,rebind-off,0.0000,14,96,49,49,0,96,0,1.0000,1.0000,1.0000,0.0000,0.00,0,0,0,True,False,False,0.55-0.85x,False,H-RING-BB
0,20260903,reduce,3:1,0.7500,14,96,27,27,0,96,0,1.4879,1.7500,0.7727,0.3189,22.50,0,0,205,True,False,False,0.55-0.85x,False,H-RING-BB
0,20260903,reduce,7:1,0.8750,14,96,27,27,0,96,0,1.5845,1.8750,0.7727,0.3189,22.50,0,0,205,True,False,False,0.55-0.85x,False,H-RING-BB
0,20260903,reduce,15:1,0.9375,14,96,27,27,0,96,0,1.6328,1.9375,0.7727,0.3189,22.50,0,0,205,True,False,False,0.55-0.85x,False,H-RING-BB
0,20260903,allgather,rebind-off,0.0000,14,96,45,45,0,96,0,1.0000,1.0000,1.0000,0.0000,0.00,0,0,0,True,False,False,0.55-0.85x,False,H-RING-BB
0,20260903,allgather,3:1,0.7500,14,96,30,30,0,96,0,1.4988,1.7500,0.7857,0.3048,22.50,0,0,178,True,False,False,0.55-0.85x,False,H-RING-BB
0,20260903,allgather,7:1,0.8750,14,96,30,30,0,96,0,1.5970,1.8750,0.7857,0.3048,22.50,0,0,178,True,False,False,0.55-0.85x,False,H-RING-BB
0,20260903,allgather,15:1,0.9375,14,96,30,30,0,96,0,1.6461,1.9375,0.7857,0.3048,22.50,0,0,178,True,False,False,0.55-0.85x,False,H-RING-BB
0,20260903,allreduce,rebind-off,0.0000,14,96,52,52,0,96,0,1.0000,1.0000,1.0000,0.0000,0.00,0,0,0,True,False,False,0.55-0.85x,False,H-RING-BB
0,20260903,allreduce,3:1,0.7500,14,96,52,52,0,96,0,1.5519,1.7500,0.8490,0.2359,22.50,0,0,197,True,False,False,0.55-0.85x,False,H-RING-BB
0,20260903,allreduce,7:1,0.8750,14,96,52,52,0,96,0,1.6580,1.8750,0.8490,0.2359,22.50,0,0,197,True,False,False,0.55-0.85x,False,H-RING-BB
0,20260903,allreduce,15:1,0.9375,14,96,52,52,0,96,0,1.7111,1.9375,0.8490,0.2359,22.50,0,0,197,True,False,False,0.55-0.85x,False,H-RING-BB
0,20260903,alltoall,rebind-off,0.0000,14,96,26,26,0,96,0,1.0000,1.0000,1.0000,0.0000,0.00,0,0,0,True,False,False,0.55-0.85x,False,H-RING-BB
0,20260903,alltoall,3:1,0.7500,14,96,16,16,0,96,0,1.4334,1.7500,0.7078,0.3896,22.50,0,0,184,True,False,False,0.55-0.85x,False,H-RING-BB
0,20260903,alltoall,7:1,0.8750,14,96,16,16,0,96,0,1.5219,1.8750,0.7078,0.3896,22.50,0,0,184,True,False,False,0.55-0.85x,False,H-RING-BB
0,20260903,alltoall,15:1,0.9375,14,96,16,16,0,96,0,1.5662,1.9375,0.7078,0.3896,22.50,0,0,184,True,False,False,0.55-0.85x,False,H-RING-BB
0,20260903,snp_path,rebind-off,0.0000,14,96,27,0,27,0,96,1.0000,1.0000,1.0000,0.0000,0.00,0,82,0,True,False,False,<=1.4x kill,False,H-RING-BB
0,20260903,snp_path,3:1,0.7500,14,96,27,0,27,0,96,1.5570,1.7500,0.8441,0.2319,22.50,0,2147,0,True,False,False,<=1.4x kill,False,H-RING-BB
0,20260903,snp_path,7:1,0.8750,14,96,258,0,258,0,96,1.6504,1.8750,0.8319,0.2457,22.50,0,2649,0,True,False,False,<=1.4x kill,False,H-RING-BB
0,20260903,snp_path,15:1,0.9375,14,96,511,0,511,0,96,1.7010,1.9375,0.8311,0.2470,22.50,0,4808,0,True,False,False,<=1.4x kill,False,H-RING-BB
1,20260904,uniform_read,rebind-off,0.0000,14,96,25,25,0,96,0,1.0000,1.0000,1.0000,0.0000,0.00,0,0,0,True,False,False,0.55-0.85x,False,H-RING-BB
1,20260904,uniform_read,3:1,0.7500,14,96,22,22,0,96,0,1.4665,1.7500,0.7472,0.3467,22.50,0,0,123,True,False,False,0.55-0.85x,False,H-RING-BB
1,20260904,uniform_read,7:1,0.8750,14,96,22,22,0,96,0,1.5599,1.8750,0.7472,0.3467,22.50,0,0,123,True,False,False,0.55-0.85x,False,H-RING-BB
1,20260904,uniform_read,15:1,0.9375,14,96,22,22,0,96,0,1.6066,1.9375,0.7472,0.3467,22.50,0,0,123,True,False,False,0.55-0.85x,False,H-RING-BB
1,20260904,uniform_write,rebind-off,0.0000,14,96,25,25,0,96,0,1.0000,1.0000,1.0000,0.0000,0.00,0,0,0,True,False,False,0.85-1.05x,False,H-RING-BB
1,20260904,uniform_write,3:1,0.7500,14,96,22,22,0,96,0,1.4665,1.7500,0.7472,0.3467,22.50,0,0,123,True,False,False,0.85-1.05x,False,H-RING-BB
1,20260904,uniform_write,7:1,0.8750,14,96,22,22,0,96,0,1.5599,1.8750,0.7472,0.3467,22.50,0,0,123,True,False,False,0.85-1.05x,False,H-RING-BB
1,20260904,uniform_write,15:1,0.9375,14,96,22,22,0,96,0,1.6066,1.9375,0.7472,0.3467,22.50,0,0,123,True,False,False,0.85-1.05x,False,H-RING-BB
1,20260904,broadcast,rebind-off,0.0000,14,96,100,100,0,96,0,1.0000,1.0000,1.0000,0.0000,0.00,0,0,0,True,False,False,n/a-neutral,False,H-RING-BB
1,20260904,broadcast,3:1,0.7500,14,96,100,100,0,96,0,1.6015,1.7500,0.9082,0.1714,22.50,0,0,174,True,False,False,n/a-neutral,False,H-RING-BB
1,20260904,broadcast,7:1,0.8750,14,96,100,100,0,96,0,1.7151,1.8750,0.9082,0.1714,22.50,0,0,174,True,False,False,n/a-neutral,False,H-RING-BB
1,20260904,broadcast,15:1,0.9375,14,96,100,100,0,96,0,1.7718,1.9375,0.9082,0.1714,22.50,0,0,174,True,False,False,n/a-neutral,False,H-RING-BB
1,20260904,gather,rebind-off,0.0000,14,96,49,49,0,96,0,1.0000,1.0000,1.0000,0.0000,0.00,0,0,0,True,False,False,0.55-0.85x,False,H-RING-BB
1,20260904,gather,3:1,0.7500,14,96,27,27,0,96,0,1.4879,1.7500,0.7727,0.3189,22.50,0,0,205,True,False,False,0.55-0.85x,False,H-RING-BB
1,20260904,gather,7:1,0.8750,14,96,27,27,0,96,0,1.5845,1.8750,0.7727,0.3189,22.50,0,0,205,True,False,False,0.55-0.85x,False,H-RING-BB
1,20260904,gather,15:1,0.9375,14,96,27,27,0,96,0,1.6328,1.9375,0.7727,0.3189,22.50,0,0,205,True,False,False,0.55-0.85x,False,H-RING-BB
1,20260904,reduce,rebind-off,0.0000,14,96,49,49,0,96,0,1.0000,1.0000,1.0000,0.0000,0.00,0,0,0,True,False,False,0.55-0.85x,False,H-RING-BB
1,20260904,reduce,3:1,0.7500,14,96,27,27,0,96,0,1.4879,1.7500,0.7727,0.3189,22.50,0,0,205,True,False,False,0.55-0.85x,False,H-RING-BB
1,20260904,reduce,7:1,0.8750,14,96,27,27,0,96,0,1.5845,1.8750,0.7727,0.3189,22.50,0,0,205,True,False,False,0.55-0.85x,False,H-RING-BB
1,20260904,reduce,15:1,0.9375,14,96,27,27,0,96,0,1.6328,1.9375,0.7727,0.3189,22.50,0,0,205,True,False,False,0.55-0.85x,False,H-RING-BB
1,20260904,allgather,rebind-off,0.0000,14,96,45,45,0,96,0,1.0000,1.0000,1.0000,0.0000,0.00,0,0,0,True,False,False,0.55-0.85x,False,H-RING-BB
1,20260904,allgather,3:1,0.7500,14,96,30,30,0,96,0,1.4988,1.7500,0.7857,0.3048,22.50,0,0,178,True,False,False,0.55-0.85x,False,H-RING-BB
1,20260904,allgather,7:1,0.8750,14,96,30,30,0,96,0,1.5970,1.8750,0.7857,0.3048,22.50,0,0,178,True,False,False,0.55-0.85x,False,H-RING-BB
1,20260904,allgather,15:1,0.9375,14,96,30,30,0,96,0,1.6461,1.9375,0.7857,0.3048,22.50,0,0,178,True,False,False,0.55-0.85x,False,H-RING-BB
1,20260904,allreduce,rebind-off,0.0000,14,96,52,52,0,96,0,1.0000,1.0000,1.0000,0.0000,0.00,0,0,0,True,False,False,0.55-0.85x,False,H-RING-BB
1,20260904,allreduce,3:1,0.7500,14,96,52,52,0,96,0,1.5519,1.7500,0.8490,0.2359,22.50,0,0,197,True,False,False,0.55-0.85x,False,H-RING-BB
1,20260904,allreduce,7:1,0.8750,14,96,52,52,0,96,0,1.6580,1.8750,0.8490,0.2359,22.50,0,0,197,True,False,False,0.55-0.85x,False,H-RING-BB
1,20260904,allreduce,15:1,0.9375,14,96,52,52,0,96,0,1.7111,1.9375,0.8490,0.2359,22.50,0,0,197,True,False,False,0.55-0.85x,False,H-RING-BB
1,20260904,alltoall,rebind-off,0.0000,14,96,25,25,0,96,0,1.0000,1.0000,1.0000,0.0000,0.00,0,0,0,True,False,False,0.55-0.85x,False,H-RING-BB
1,20260904,alltoall,3:1,0.7500,14,96,19,19,0,96,0,1.4512,1.7500,0.7289,0.3666,22.50,0,0,140,True,False,False,0.55-0.85x,False,H-RING-BB
1,20260904,alltoall,7:1,0.8750,14,96,19,19,0,96,0,1.5423,1.8750,0.7289,0.3666,22.50,0,0,140,True,False,False,0.55-0.85x,False,H-RING-BB
1,20260904,alltoall,15:1,0.9375,14,96,19,19,0,96,0,1.5878,1.9375,0.7289,0.3666,22.50,0,0,140,True,False,False,0.55-0.85x,False,H-RING-BB
1,20260904,snp_path,rebind-off,0.0000,14,96,25,0,25,0,96,1.0000,1.0000,1.0000,0.0000,0.00,0,81,0,True,False,False,<=1.4x kill,False,H-RING-BB
1,20260904,snp_path,3:1,0.7500,14,96,25,0,25,0,96,1.5559,1.7500,0.8427,0.2334,22.50,0,2146,0,True,False,False,<=1.4x kill,False,H-RING-BB
1,20260904,snp_path,7:1,0.8750,14,96,253,0,253,0,96,1.6487,1.8750,0.8301,0.2475,22.50,0,2653,0,True,False,False,<=1.4x kill,False,H-RING-BB
1,20260904,snp_path,15:1,0.9375,14,96,505,0,505,0,96,1.6997,1.9375,0.8297,0.2485,22.50,0,4808,0,True,False,False,<=1.4x kill,False,H-RING-BB
2,20260905,uniform_read,rebind-off,0.0000,14,96,23,23,0,96,0,1.0000,1.0000,1.0000,0.0000,0.00,0,0,0,True,False,False,0.55-0.85x,False,H-RING-BB
2,20260905,uniform_read,3:1,0.7500,14,96,17,17,0,96,0,1.4396,1.7500,0.7152,0.3816,22.50,0,0,157,True,False,False,0.55-0.85x,False,H-RING-BB
2,20260905,uniform_read,7:1,0.8750,14,96,17,17,0,96,0,1.5290,1.8750,0.7152,0.3816,22.50,0,0,157,True,False,False,0.55-0.85x,False,H-RING-BB
2,20260905,uniform_read,15:1,0.9375,14,96,17,17,0,96,0,1.5737,1.9375,0.7152,0.3816,22.50,0,0,157,True,False,False,0.55-0.85x,False,H-RING-BB
2,20260905,uniform_write,rebind-off,0.0000,14,96,23,23,0,96,0,1.0000,1.0000,1.0000,0.0000,0.00,0,0,0,True,False,False,0.85-1.05x,False,H-RING-BB
2,20260905,uniform_write,3:1,0.7500,14,96,17,17,0,96,0,1.4396,1.7500,0.7152,0.3816,22.50,0,0,157,True,False,False,0.85-1.05x,False,H-RING-BB
2,20260905,uniform_write,7:1,0.8750,14,96,17,17,0,96,0,1.5290,1.8750,0.7152,0.3816,22.50,0,0,157,True,False,False,0.85-1.05x,False,H-RING-BB
2,20260905,uniform_write,15:1,0.9375,14,96,17,17,0,96,0,1.5737,1.9375,0.7152,0.3816,22.50,0,0,157,True,False,False,0.85-1.05x,False,H-RING-BB
2,20260905,broadcast,rebind-off,0.0000,14,96,100,100,0,96,0,1.0000,1.0000,1.0000,0.0000,0.00,0,0,0,True,False,False,n/a-neutral,False,H-RING-BB
2,20260905,broadcast,3:1,0.7500,14,96,100,100,0,96,0,1.6015,1.7500,0.9082,0.1714,22.50,0,0,174,True,False,False,n/a-neutral,False,H-RING-BB
2,20260905,broadcast,7:1,0.8750,14,96,100,100,0,96,0,1.7151,1.8750,0.9082,0.1714,22.50,0,0,174,True,False,False,n/a-neutral,False,H-RING-BB
2,20260905,broadcast,15:1,0.9375,14,96,100,100,0,96,0,1.7718,1.9375,0.9082,0.1714,22.50,0,0,174,True,False,False,n/a-neutral,False,H-RING-BB
2,20260905,gather,rebind-off,0.0000,14,96,49,49,0,96,0,1.0000,1.0000,1.0000,0.0000,0.00,0,0,0,True,False,False,0.55-0.85x,False,H-RING-BB
2,20260905,gather,3:1,0.7500,14,96,27,27,0,96,0,1.4879,1.7500,0.7727,0.3189,22.50,0,0,205,True,False,False,0.55-0.85x,False,H-RING-BB
2,20260905,gather,7:1,0.8750,14,96,27,27,0,96,0,1.5845,1.8750,0.7727,0.3189,22.50,0,0,205,True,False,False,0.55-0.85x,False,H-RING-BB
2,20260905,gather,15:1,0.9375,14,96,27,27,0,96,0,1.6328,1.9375,0.7727,0.3189,22.50,0,0,205,True,False,False,0.55-0.85x,False,H-RING-BB
2,20260905,reduce,rebind-off,0.0000,14,96,49,49,0,96,0,1.0000,1.0000,1.0000,0.0000,0.00,0,0,0,True,False,False,0.55-0.85x,False,H-RING-BB
2,20260905,reduce,3:1,0.7500,14,96,27,27,0,96,0,1.4879,1.7500,0.7727,0.3189,22.50,0,0,205,True,False,False,0.55-0.85x,False,H-RING-BB
2,20260905,reduce,7:1,0.8750,14,96,27,27,0,96,0,1.5845,1.8750,0.7727,0.3189,22.50,0,0,205,True,False,False,0.55-0.85x,False,H-RING-BB
2,20260905,reduce,15:1,0.9375,14,96,27,27,0,96,0,1.6328,1.9375,0.7727,0.3189,22.50,0,0,205,True,False,False,0.55-0.85x,False,H-RING-BB
2,20260905,allgather,rebind-off,0.0000,14,96,45,45,0,96,0,1.0000,1.0000,1.0000,0.0000,0.00,0,0,0,True,False,False,0.55-0.85x,False,H-RING-BB
2,20260905,allgather,3:1,0.7500,14,96,30,30,0,96,0,1.4988,1.7500,0.7857,0.3048,22.50,0,0,178,True,False,False,0.55-0.85x,False,H-RING-BB
2,20260905,allgather,7:1,0.8750,14,96,30,30,0,96,0,1.5970,1.8750,0.7857,0.3048,22.50,0,0,178,True,False,False,0.55-0.85x,False,H-RING-BB
2,20260905,allgather,15:1,0.9375,14,96,30,30,0,96,0,1.6461,1.9375,0.7857,0.3048,22.50,0,0,178,True,False,False,0.55-0.85x,False,H-RING-BB
2,20260905,allreduce,rebind-off,0.0000,14,96,52,52,0,96,0,1.0000,1.0000,1.0000,0.0000,0.00,0,0,0,True,False,False,0.55-0.85x,False,H-RING-BB
2,20260905,allreduce,3:1,0.7500,14,96,52,52,0,96,0,1.5519,1.7500,0.8490,0.2359,22.50,0,0,197,True,False,False,0.55-0.85x,False,H-RING-BB
2,20260905,allreduce,7:1,0.8750,14,96,52,52,0,96,0,1.6580,1.8750,0.8490,0.2359,22.50,0,0,197,True,False,False,0.55-0.85x,False,H-RING-BB
2,20260905,allreduce,15:1,0.9375,14,96,52,52,0,96,0,1.7111,1.9375,0.8490,0.2359,22.50,0,0,197,True,False,False,0.55-0.85x,False,H-RING-BB
2,20260905,alltoall,rebind-off,0.0000,14,96,23,23,0,96,0,1.0000,1.0000,1.0000,0.0000,0.00,0,0,0,True,False,False,0.55-0.85x,False,H-RING-BB
2,20260905,alltoall,3:1,0.7500,14,96,18,18,0,96,0,1.4455,1.7500,0.7222,0.3739,22.50,0,0,136,True,False,False,0.55-0.85x,False,H-RING-BB
2,20260905,alltoall,7:1,0.8750,14,96,18,18,0,96,0,1.5358,1.8750,0.7222,0.3739,22.50,0,0,136,True,False,False,0.55-0.85x,False,H-RING-BB
2,20260905,alltoall,15:1,0.9375,14,96,18,18,0,96,0,1.5810,1.9375,0.7222,0.3739,22.50,0,0,136,True,False,False,0.55-0.85x,False,H-RING-BB
2,20260905,snp_path,rebind-off,0.0000,14,96,23,0,23,0,96,1.0000,1.0000,1.0000,0.0000,0.00,0,59,0,True,False,False,<=1.4x kill,False,H-RING-BB
2,20260905,snp_path,3:1,0.7500,14,96,23,0,23,0,96,1.5547,1.7500,0.8412,0.2350,22.50,0,2124,0,True,False,False,<=1.4x kill,False,H-RING-BB
2,20260905,snp_path,7:1,0.8750,14,96,23,0,23,0,96,1.6616,1.8750,0.8426,0.2331,22.50,0,2418,0,True,False,False,<=1.4x kill,False,H-RING-BB
2,20260905,snp_path,15:1,0.9375,14,96,263,0,263,0,96,1.7039,1.9375,0.8333,0.2440,22.50,0,4117,0,True,False,False,<=1.4x kill,False,H-RING-BB
