load_category,workload,cls,role,baseline_type,baseline_label,outstanding,arm,metric,baseline_ci,crrf_ci,ratio,ratio_ci,ratio_mean,ratio_ci95_hw,n,in_0.55_0.85,card_interval,card_claim_is_measured,unsigned,not_a_conclusion,t2_ref,rel_err_vs_t2,flag_gt_30pct,workload_source,note
inference,decode_kv_gather,gather,primary,no_cc,无拥塞控制,96,15:1,makespan,49.00 ± 0.00 (n=3),27.00 ± 0.00 (n=3),0.5510,0.5510 ± 0.0000 (n=3),0.5510204081632653,0.0,3,yes,0.55-0.85x,False,True,True,0.5642,0.0234,False,existing_config (负载基线表未到),decode-phase KV gather; existing gather (card Dat-heavy collective)
inference,decode_kv_gather,gather,primary,no_cc,无拥塞控制,96,3:1,makespan,49.00 ± 0.00 (n=3),27.00 ± 0.00 (n=3),0.5510,0.5510 ± 0.0000 (n=3),0.5510204081632653,0.0,3,yes,0.55-0.85x,False,True,True,0.6212,0.1130,False,existing_config (负载基线表未到),decode-phase KV gather; existing gather (card Dat-heavy collective)
inference,decode_kv_gather,gather,primary,no_cc,无拥塞控制,96,7:1,makespan,49.00 ± 0.00 (n=3),27.00 ± 0.00 (n=3),0.5510,0.5510 ± 0.0000 (n=3),0.5510204081632653,0.0,3,yes,0.55-0.85x,False,True,True,0.5820,0.0532,False,existing_config (负载基线表未到),decode-phase KV gather; existing gather (card Dat-heavy collective)
inference,decode_kv_gather,gather,primary,source_fc,源端流控,1,15:1,makespan,49.00 ± 0.00 (n=3),49.00 ± 0.00 (n=3),1.0000,1.0000 ± 0.0000 (n=3),1.0,0.0,3,no,0.55-0.85x,False,True,True,0.5642,0.7724,True,existing_config (负载基线表未到),decode-phase KV gather; existing gather (card Dat-heavy collective)
inference,decode_kv_gather,gather,primary,source_fc,源端流控,1,3:1,makespan,49.00 ± 0.00 (n=3),49.00 ± 0.00 (n=3),1.0000,1.0000 ± 0.0000 (n=3),1.0,0.0,3,no,0.55-0.85x,False,True,True,0.6212,0.6098,True,existing_config (负载基线表未到),decode-phase KV gather; existing gather (card Dat-heavy collective)
inference,decode_kv_gather,gather,primary,source_fc,源端流控,1,7:1,makespan,49.00 ± 0.00 (n=3),49.00 ± 0.00 (n=3),1.0000,1.0000 ± 0.0000 (n=3),1.0,0.0,3,no,0.55-0.85x,False,True,True,0.5820,0.7182,True,existing_config (负载基线表未到),decode-phase KV gather; existing gather (card Dat-heavy collective)
inference,decode_kv_p2p,uniform_read,primary,no_cc,无拥塞控制,96,15:1,makespan,25.00 ± 2.26 (n=3),20.67 ± 3.64 (n=3),0.8237,0.8237 ± 0.0844 (n=3),0.8236607622114868,0.08435678298805083,3,yes,0.55-0.85x,False,True,True,0.5642,0.4599,True,existing_config (负载基线表未到),decode-phase KV / P2P scan; existing uniform_read (problem: KV 扫描)
inference,decode_kv_p2p,uniform_read,primary,no_cc,无拥塞控制,96,3:1,makespan,25.00 ± 2.26 (n=3),20.67 ± 3.64 (n=3),0.8237,0.8237 ± 0.0844 (n=3),0.8236607622114868,0.08435678298805083,3,yes,0.55-0.85x,False,True,True,0.6212,0.3260,True,existing_config (负载基线表未到),decode-phase KV / P2P scan; existing uniform_read (problem: KV 扫描)
inference,decode_kv_p2p,uniform_read,primary,no_cc,无拥塞控制,96,7:1,makespan,25.00 ± 2.26 (n=3),20.67 ± 3.64 (n=3),0.8237,0.8237 ± 0.0844 (n=3),0.8236607622114868,0.08435678298805083,3,yes,0.55-0.85x,False,True,True,0.5820,0.4152,True,existing_config (负载基线表未到),decode-phase KV / P2P scan; existing uniform_read (problem: KV 扫描)
inference,decode_kv_p2p,uniform_read,primary,source_fc,源端流控,1,15:1,makespan,47.67 ± 4.57 (n=3),45.00 ± 5.19 (n=3),0.9434,0.9434 ± 0.0363 (n=3),0.9434108527131784,0.036321759551735326,3,no,0.55-0.85x,False,True,True,0.5642,0.6721,True,existing_config (负载基线表未到),decode-phase KV / P2P scan; existing uniform_read (problem: KV 扫描)
inference,decode_kv_p2p,uniform_read,primary,source_fc,源端流控,1,3:1,makespan,47.67 ± 4.57 (n=3),45.00 ± 5.19 (n=3),0.9434,0.9434 ± 0.0363 (n=3),0.9434108527131784,0.036321759551735326,3,no,0.55-0.85x,False,True,True,0.6212,0.5188,True,existing_config (负载基线表未到),decode-phase KV / P2P scan; existing uniform_read (problem: KV 扫描)
inference,decode_kv_p2p,uniform_read,primary,source_fc,源端流控,1,7:1,makespan,47.67 ± 4.57 (n=3),45.00 ± 5.19 (n=3),0.9434,0.9434 ± 0.0363 (n=3),0.9434108527131784,0.036321759551735326,3,no,0.55-0.85x,False,True,True,0.5820,0.6210,True,existing_config (负载基线表未到),decode-phase KV / P2P scan; existing uniform_read (problem: KV 扫描)
inference,infer_allgather,allgather,primary,no_cc,无拥塞控制,96,15:1,makespan,45.00 ± 0.00 (n=3),30.00 ± 0.00 (n=3),0.6667,0.6667 ± 0.0000 (n=3),0.6666666666666666,0.0,3,yes,0.55-0.85x,False,True,True,0.5642,0.1816,False,existing_config (负载基线表未到),inference-time allgather; existing allgather
inference,infer_allgather,allgather,primary,no_cc,无拥塞控制,96,3:1,makespan,45.00 ± 0.00 (n=3),30.00 ± 0.00 (n=3),0.6667,0.6667 ± 0.0000 (n=3),0.6666666666666666,0.0,3,yes,0.55-0.85x,False,True,True,0.6212,0.0733,False,existing_config (负载基线表未到),inference-time allgather; existing allgather
inference,infer_allgather,allgather,primary,no_cc,无拥塞控制,96,7:1,makespan,45.00 ± 0.00 (n=3),30.00 ± 0.00 (n=3),0.6667,0.6667 ± 0.0000 (n=3),0.6666666666666666,0.0,3,yes,0.55-0.85x,False,True,True,0.5820,0.1455,False,existing_config (负载基线表未到),inference-time allgather; existing allgather
inference,infer_allgather,allgather,primary,source_fc,源端流控,1,15:1,makespan,70.00 ± 0.00 (n=3),57.00 ± 0.00 (n=3),0.8143,0.8143 ± 0.0000 (n=3),0.8142857142857144,1.5386906095100995e-16,3,yes,0.55-0.85x,False,True,True,0.5642,0.4432,True,existing_config (负载基线表未到),inference-time allgather; existing allgather
inference,infer_allgather,allgather,primary,source_fc,源端流控,1,3:1,makespan,70.00 ± 0.00 (n=3),57.00 ± 0.00 (n=3),0.8143,0.8143 ± 0.0000 (n=3),0.8142857142857144,1.5386906095100995e-16,3,yes,0.55-0.85x,False,True,True,0.6212,0.3109,True,existing_config (负载基线表未到),inference-time allgather; existing allgather
inference,infer_allgather,allgather,primary,source_fc,源端流控,1,7:1,makespan,70.00 ± 0.00 (n=3),57.00 ± 0.00 (n=3),0.8143,0.8143 ± 0.0000 (n=3),0.8142857142857144,1.5386906095100995e-16,3,yes,0.55-0.85x,False,True,True,0.5820,0.3991,True,existing_config (负载基线表未到),inference-time allgather; existing allgather
inference,infer_allreduce,allreduce,primary,no_cc,无拥塞控制,96,15:1,makespan,52.00 ± 0.00 (n=3),52.00 ± 0.00 (n=3),1.0000,1.0000 ± 0.0000 (n=3),1.0,0.0,3,no,0.55-0.85x,False,True,True,0.5642,0.7724,True,existing_config (负载基线表未到),inference-time allreduce; existing allreduce
inference,infer_allreduce,allreduce,primary,no_cc,无拥塞控制,96,3:1,makespan,52.00 ± 0.00 (n=3),52.00 ± 0.00 (n=3),1.0000,1.0000 ± 0.0000 (n=3),1.0,0.0,3,no,0.55-0.85x,False,True,True,0.6212,0.6099,True,existing_config (负载基线表未到),inference-time allreduce; existing allreduce
inference,infer_allreduce,allreduce,primary,no_cc,无拥塞控制,96,7:1,makespan,52.00 ± 0.00 (n=3),52.00 ± 0.00 (n=3),1.0000,1.0000 ± 0.0000 (n=3),1.0,0.0,3,no,0.55-0.85x,False,True,True,0.5820,0.7182,True,existing_config (负载基线表未到),inference-time allreduce; existing allreduce
inference,infer_allreduce,allreduce,primary,source_fc,源端流控,1,15:1,makespan,186.00 ± 0.00 (n=3),229.00 ± 0.00 (n=3),1.2312,1.2312 ± 0.0000 (n=3),1.2311827956989247,0.0,3,no,0.55-0.85x,False,True,True,0.5642,1.1821,True,existing_config (负载基线表未到),inference-time allreduce; existing allreduce
inference,infer_allreduce,allreduce,primary,source_fc,源端流控,1,3:1,makespan,186.00 ± 0.00 (n=3),212.00 ± 0.00 (n=3),1.1398,1.1398 ± 0.0000 (n=3),1.1397849462365592,0.0,3,no,0.55-0.85x,False,True,True,0.6212,0.8349,True,existing_config (负载基线表未到),inference-time allreduce; existing allreduce
inference,infer_allreduce,allreduce,primary,source_fc,源端流控,1,7:1,makespan,186.00 ± 0.00 (n=3),235.00 ± 0.00 (n=3),1.2634,1.2634 ± 0.0000 (n=3),1.2634408602150538,0.0,3,no,0.55-0.85x,False,True,True,0.5820,1.1708,True,existing_config (负载基线表未到),inference-time allreduce; existing allreduce
training,train_alltoall,alltoall,secondary,no_cc,无拥塞控制,96,15:1,makespan,24.67 ± 1.73 (n=3),17.67 ± 1.73 (n=3),0.7193,0.7193 ± 0.1027 (n=3),0.7193311036789298,0.10266760264271088,3,yes,0.55-0.85x,False,True,True,0.5642,0.2749,False,existing_config (负载基线表未到),training-class alltoall; secondary only — not averaged with inference
training,train_alltoall,alltoall,secondary,no_cc,无拥塞控制,96,3:1,makespan,24.67 ± 1.73 (n=3),17.67 ± 1.73 (n=3),0.7193,0.7193 ± 0.1027 (n=3),0.7193311036789298,0.10266760264271088,3,yes,0.55-0.85x,False,True,True,0.6212,0.1581,False,existing_config (负载基线表未到),training-class alltoall; secondary only — not averaged with inference
training,train_alltoall,alltoall,secondary,no_cc,无拥塞控制,96,7:1,makespan,24.67 ± 1.73 (n=3),17.67 ± 1.73 (n=3),0.7193,0.7193 ± 0.1027 (n=3),0.7193311036789298,0.10266760264271088,3,yes,0.55-0.85x,False,True,True,0.5820,0.2360,False,existing_config (负载基线表未到),training-class alltoall; secondary only — not averaged with inference
training,train_alltoall,alltoall,secondary,source_fc,源端流控,1,15:1,makespan,35.67 ± 2.36 (n=3),35.00 ± 2.26 (n=3),0.9840,0.9840 ± 0.1028 (n=3),0.9840483561845791,0.1028458381320122,3,no,0.55-0.85x,False,True,True,0.5642,0.7441,True,existing_config (负载基线表未到),training-class alltoall; secondary only — not averaged with inference
training,train_alltoall,alltoall,secondary,source_fc,源端流控,1,3:1,makespan,35.67 ± 2.36 (n=3),35.00 ± 2.26 (n=3),0.9840,0.9840 ± 0.1028 (n=3),0.9840483561845791,0.1028458381320122,3,no,0.55-0.85x,False,True,True,0.6212,0.5842,True,existing_config (负载基线表未到),training-class alltoall; secondary only — not averaged with inference
training,train_alltoall,alltoall,secondary,source_fc,源端流控,1,7:1,makespan,35.67 ± 2.36 (n=3),35.00 ± 2.26 (n=3),0.9840,0.9840 ± 0.1028 (n=3),0.9840483561845791,0.1028458381320122,3,no,0.55-0.85x,False,True,True,0.5820,0.6908,True,existing_config (负载基线表未到),training-class alltoall; secondary only — not averaged with inference
training,train_reduce,reduce,secondary,no_cc,无拥塞控制,96,15:1,makespan,49.00 ± 0.00 (n=3),27.00 ± 0.00 (n=3),0.5510,0.5510 ± 0.0000 (n=3),0.5510204081632653,0.0,3,yes,0.55-0.85x,False,True,True,0.5642,0.0234,False,existing_config (负载基线表未到),training-class reduce; secondary only — not averaged with inference
training,train_reduce,reduce,secondary,no_cc,无拥塞控制,96,3:1,makespan,49.00 ± 0.00 (n=3),27.00 ± 0.00 (n=3),0.5510,0.5510 ± 0.0000 (n=3),0.5510204081632653,0.0,3,yes,0.55-0.85x,False,True,True,0.6212,0.1129,False,existing_config (负载基线表未到),training-class reduce; secondary only — not averaged with inference
training,train_reduce,reduce,secondary,no_cc,无拥塞控制,96,7:1,makespan,49.00 ± 0.00 (n=3),27.00 ± 0.00 (n=3),0.5510,0.5510 ± 0.0000 (n=3),0.5510204081632653,0.0,3,yes,0.55-0.85x,False,True,True,0.5820,0.0532,False,existing_config (负载基线表未到),training-class reduce; secondary only — not averaged with inference
training,train_reduce,reduce,secondary,source_fc,源端流控,1,15:1,makespan,49.00 ± 0.00 (n=3),49.00 ± 0.00 (n=3),1.0000,1.0000 ± 0.0000 (n=3),1.0,0.0,3,no,0.55-0.85x,False,True,True,0.5642,0.7724,True,existing_config (负载基线表未到),training-class reduce; secondary only — not averaged with inference
training,train_reduce,reduce,secondary,source_fc,源端流控,1,3:1,makespan,49.00 ± 0.00 (n=3),49.00 ± 0.00 (n=3),1.0000,1.0000 ± 0.0000 (n=3),1.0,0.0,3,no,0.55-0.85x,False,True,True,0.6212,0.6099,True,existing_config (负载基线表未到),training-class reduce; secondary only — not averaged with inference
training,train_reduce,reduce,secondary,source_fc,源端流控,1,7:1,makespan,49.00 ± 0.00 (n=3),49.00 ± 0.00 (n=3),1.0000,1.0000 ± 0.0000 (n=3),1.0,0.0,3,no,0.55-0.85x,False,True,True,0.5820,0.7182,True,existing_config (负载基线表未到),training-class reduce; secondary only — not averaged with inference
