trial,seed,load_category,workload,cls,role,baseline_type,baseline_label,outstanding,arm,metric,baseline_makespan,crrf_makespan,ratio,completed_dat_base,completed_dat_crrf,completed_snp_crrf,c_dat_eff,tax,mismatch,aligned,card_claim,card_claim_is_measured,unsigned,workload_source,note
0,20260903,inference,decode_kv_p2p,uniform_read,primary,no_cc,信封 outstanding（窗口不绑定）,96,3:1,makespan,27,23,0.8519,96,96,0,1.4712,0.3407,0,True,0.55-0.85x,False,True,existing_config (负载基线表未到),decode-phase KV / P2P scan; existing uniform_read (problem: KV 扫描)
0,20260903,inference,decode_kv_p2p,uniform_read,primary,no_cc,信封 outstanding（窗口不绑定）,96,7:1,makespan,27,23,0.8519,96,96,0,1.5652,0.3407,0,True,0.55-0.85x,False,True,existing_config (负载基线表未到),decode-phase KV / P2P scan; existing uniform_read (problem: KV 扫描)
0,20260903,inference,decode_kv_p2p,uniform_read,primary,no_cc,信封 outstanding（窗口不绑定）,96,15:1,makespan,27,23,0.8519,96,96,0,1.6123,0.3407,0,True,0.55-0.85x,False,True,existing_config (负载基线表未到),decode-phase KV / P2P scan; existing uniform_read (problem: KV 扫描)
0,20260903,inference,decode_kv_p2p,uniform_read,primary,source_fc,下界敏感性列，过保守,1,3:1,makespan,50,49,0.9800,96,96,0,1.5466,0.2428,0,True,0.55-0.85x,False,True,existing_config (负载基线表未到),decode-phase KV / P2P scan; existing uniform_read (problem: KV 扫描)
0,20260903,inference,decode_kv_p2p,uniform_read,primary,source_fc,下界敏感性列，过保守,1,7:1,makespan,50,49,0.9800,96,96,0,1.6519,0.2428,0,True,0.55-0.85x,False,True,existing_config (负载基线表未到),decode-phase KV / P2P scan; existing uniform_read (problem: KV 扫描)
0,20260903,inference,decode_kv_p2p,uniform_read,primary,source_fc,下界敏感性列，过保守,1,15:1,makespan,50,49,0.9800,96,96,0,1.7046,0.2428,0,True,0.55-0.85x,False,True,existing_config (负载基线表未到),decode-phase KV / P2P scan; existing uniform_read (problem: KV 扫描)
0,20260903,inference,decode_kv_gather,gather,primary,no_cc,信封 outstanding（窗口不绑定）,96,3:1,makespan,49,27,0.5510,96,96,0,1.4879,0.3189,0,True,0.55-0.85x,False,True,existing_config (负载基线表未到),decode-phase KV gather; existing gather (card Dat-heavy collective). gather 与 reduce 同形，不是两条独立证据。
0,20260903,inference,decode_kv_gather,gather,primary,no_cc,信封 outstanding（窗口不绑定）,96,7:1,makespan,49,27,0.5510,96,96,0,1.5845,0.3189,0,True,0.55-0.85x,False,True,existing_config (负载基线表未到),decode-phase KV gather; existing gather (card Dat-heavy collective). gather 与 reduce 同形，不是两条独立证据。
0,20260903,inference,decode_kv_gather,gather,primary,no_cc,信封 outstanding（窗口不绑定）,96,15:1,makespan,49,27,0.5510,96,96,0,1.6328,0.3189,0,True,0.55-0.85x,False,True,existing_config (负载基线表未到),decode-phase KV gather; existing gather (card Dat-heavy collective). gather 与 reduce 同形，不是两条独立证据。
0,20260903,inference,decode_kv_gather,gather,primary,source_fc,下界敏感性列，过保守,1,3:1,makespan,49,49,1.0000,96,96,0,1.5466,0.2428,0,True,0.55-0.85x,False,True,existing_config (负载基线表未到),decode-phase KV gather; existing gather (card Dat-heavy collective). gather 与 reduce 同形，不是两条独立证据。
0,20260903,inference,decode_kv_gather,gather,primary,source_fc,下界敏感性列，过保守,1,7:1,makespan,49,49,1.0000,96,96,0,1.6519,0.2428,0,True,0.55-0.85x,False,True,existing_config (负载基线表未到),decode-phase KV gather; existing gather (card Dat-heavy collective). gather 与 reduce 同形，不是两条独立证据。
0,20260903,inference,decode_kv_gather,gather,primary,source_fc,下界敏感性列，过保守,1,15:1,makespan,49,49,1.0000,96,96,0,1.7046,0.2428,0,True,0.55-0.85x,False,True,existing_config (负载基线表未到),decode-phase KV gather; existing gather (card Dat-heavy collective). gather 与 reduce 同形，不是两条独立证据。
0,20260903,inference,infer_allgather,allgather,primary,no_cc,信封 outstanding（窗口不绑定）,96,3:1,makespan,45,30,0.6667,96,96,0,1.4988,0.3048,0,True,0.55-0.85x,False,True,existing_config (负载基线表未到),inference-time allgather; existing allgather
0,20260903,inference,infer_allgather,allgather,primary,no_cc,信封 outstanding（窗口不绑定）,96,7:1,makespan,45,30,0.6667,96,96,0,1.5970,0.3048,0,True,0.55-0.85x,False,True,existing_config (负载基线表未到),inference-time allgather; existing allgather
0,20260903,inference,infer_allgather,allgather,primary,no_cc,信封 outstanding（窗口不绑定）,96,15:1,makespan,45,30,0.6667,96,96,0,1.6461,0.3048,0,True,0.55-0.85x,False,True,existing_config (负载基线表未到),inference-time allgather; existing allgather
0,20260903,inference,infer_allgather,allgather,primary,source_fc,下界敏感性列，过保守,1,3:1,makespan,70,57,0.8143,96,96,0,1.5599,0.2255,0,True,0.55-0.85x,False,True,existing_config (负载基线表未到),inference-time allgather; existing allgather
0,20260903,inference,infer_allgather,allgather,primary,source_fc,下界敏感性列，过保守,1,7:1,makespan,70,57,0.8143,96,96,0,1.6672,0.2255,0,True,0.55-0.85x,False,True,existing_config (负载基线表未到),inference-time allgather; existing allgather
0,20260903,inference,infer_allgather,allgather,primary,source_fc,下界敏感性列，过保守,1,15:1,makespan,70,57,0.8143,96,96,0,1.7208,0.2255,0,True,0.55-0.85x,False,True,existing_config (负载基线表未到),inference-time allgather; existing allgather
0,20260903,inference,infer_allreduce,allreduce,primary,no_cc,信封 outstanding（窗口不绑定）,96,3:1,makespan,52,52,1.0000,96,96,0,1.5519,0.2359,0,True,0.55-0.85x,False,True,existing_config (负载基线表未到),inference-time allreduce; existing allreduce
0,20260903,inference,infer_allreduce,allreduce,primary,no_cc,信封 outstanding（窗口不绑定）,96,7:1,makespan,52,52,1.0000,96,96,0,1.6580,0.2359,0,True,0.55-0.85x,False,True,existing_config (负载基线表未到),inference-time allreduce; existing allreduce
0,20260903,inference,infer_allreduce,allreduce,primary,no_cc,信封 outstanding（窗口不绑定）,96,15:1,makespan,52,52,1.0000,96,96,0,1.7111,0.2359,0,True,0.55-0.85x,False,True,existing_config (负载基线表未到),inference-time allreduce; existing allreduce
0,20260903,inference,infer_allreduce,allreduce,primary,source_fc,下界敏感性列，过保守,1,3:1,makespan,186,212,1.1398,96,96,0,1.5536,0.2367,0,True,0.55-0.85x,False,True,existing_config (负载基线表未到),inference-time allreduce; existing allreduce
0,20260903,inference,infer_allreduce,allreduce,primary,source_fc,下界敏感性列，过保守,1,7:1,makespan,186,235,1.2634,96,96,0,1.6065,0.2957,0,True,0.55-0.85x,False,True,existing_config (负载基线表未到),inference-time allreduce; existing allreduce
0,20260903,inference,infer_allreduce,allreduce,primary,source_fc,下界敏感性列，过保守,1,15:1,makespan,186,229,1.2312,96,96,0,1.6607,0.2901,0,True,0.55-0.85x,False,True,existing_config (负载基线表未到),inference-time allreduce; existing allreduce
0,20260903,training,train_reduce,reduce,secondary,no_cc,信封 outstanding（窗口不绑定）,96,3:1,makespan,49,27,0.5510,96,96,0,1.4879,0.3189,0,True,0.55-0.85x,False,True,existing_config (负载基线表未到),training-class reduce; secondary only — not averaged with inference. gather 与 reduce 同形，不是两条独立证据。
0,20260903,training,train_reduce,reduce,secondary,no_cc,信封 outstanding（窗口不绑定）,96,7:1,makespan,49,27,0.5510,96,96,0,1.5845,0.3189,0,True,0.55-0.85x,False,True,existing_config (负载基线表未到),training-class reduce; secondary only — not averaged with inference. gather 与 reduce 同形，不是两条独立证据。
0,20260903,training,train_reduce,reduce,secondary,no_cc,信封 outstanding（窗口不绑定）,96,15:1,makespan,49,27,0.5510,96,96,0,1.6328,0.3189,0,True,0.55-0.85x,False,True,existing_config (负载基线表未到),training-class reduce; secondary only — not averaged with inference. gather 与 reduce 同形，不是两条独立证据。
0,20260903,training,train_reduce,reduce,secondary,source_fc,下界敏感性列，过保守,1,3:1,makespan,49,49,1.0000,96,96,0,1.5466,0.2428,0,True,0.55-0.85x,False,True,existing_config (负载基线表未到),training-class reduce; secondary only — not averaged with inference. gather 与 reduce 同形，不是两条独立证据。
0,20260903,training,train_reduce,reduce,secondary,source_fc,下界敏感性列，过保守,1,7:1,makespan,49,49,1.0000,96,96,0,1.6519,0.2428,0,True,0.55-0.85x,False,True,existing_config (负载基线表未到),training-class reduce; secondary only — not averaged with inference. gather 与 reduce 同形，不是两条独立证据。
0,20260903,training,train_reduce,reduce,secondary,source_fc,下界敏感性列，过保守,1,15:1,makespan,49,49,1.0000,96,96,0,1.7046,0.2428,0,True,0.55-0.85x,False,True,existing_config (负载基线表未到),training-class reduce; secondary only — not averaged with inference. gather 与 reduce 同形，不是两条独立证据。
0,20260903,training,train_alltoall,alltoall,secondary,no_cc,信封 outstanding（窗口不绑定）,96,3:1,makespan,26,16,0.6154,96,96,0,1.4334,0.3896,0,True,0.55-0.85x,False,True,existing_config (负载基线表未到),training-class alltoall; secondary only — not averaged with inference
0,20260903,training,train_alltoall,alltoall,secondary,no_cc,信封 outstanding（窗口不绑定）,96,7:1,makespan,26,16,0.6154,96,96,0,1.5219,0.3896,0,True,0.55-0.85x,False,True,existing_config (负载基线表未到),training-class alltoall; secondary only — not averaged with inference
0,20260903,training,train_alltoall,alltoall,secondary,no_cc,信封 outstanding（窗口不绑定）,96,15:1,makespan,26,16,0.6154,96,96,0,1.5662,0.3896,0,True,0.55-0.85x,False,True,existing_config (负载基线表未到),training-class alltoall; secondary only — not averaged with inference
0,20260903,training,train_alltoall,alltoall,secondary,source_fc,下界敏感性列，过保守,1,3:1,makespan,35,33,0.9429,96,96,0,1.5085,0.2921,0,True,0.55-0.85x,False,True,existing_config (负载基线表未到),training-class alltoall; secondary only — not averaged with inference
0,20260903,training,train_alltoall,alltoall,secondary,source_fc,下界敏感性列，过保守,1,7:1,makespan,35,33,0.9429,96,96,0,1.6082,0.2921,0,True,0.55-0.85x,False,True,existing_config (负载基线表未到),training-class alltoall; secondary only — not averaged with inference
0,20260903,training,train_alltoall,alltoall,secondary,source_fc,下界敏感性列，过保守,1,15:1,makespan,35,33,0.9429,96,96,0,1.6580,0.2921,0,True,0.55-0.85x,False,True,existing_config (负载基线表未到),training-class alltoall; secondary only — not averaged with inference
1,20260904,inference,decode_kv_p2p,uniform_read,primary,no_cc,信封 outstanding（窗口不绑定）,96,3:1,makespan,25,22,0.8800,96,96,0,1.4665,0.3467,0,True,0.55-0.85x,False,True,existing_config (负载基线表未到),decode-phase KV / P2P scan; existing uniform_read (problem: KV 扫描)
1,20260904,inference,decode_kv_p2p,uniform_read,primary,no_cc,信封 outstanding（窗口不绑定）,96,7:1,makespan,25,22,0.8800,96,96,0,1.5599,0.3467,0,True,0.55-0.85x,False,True,existing_config (负载基线表未到),decode-phase KV / P2P scan; existing uniform_read (problem: KV 扫描)
1,20260904,inference,decode_kv_p2p,uniform_read,primary,no_cc,信封 outstanding（窗口不绑定）,96,15:1,makespan,25,22,0.8800,96,96,0,1.6066,0.3467,0,True,0.55-0.85x,False,True,existing_config (负载基线表未到),decode-phase KV / P2P scan; existing uniform_read (problem: KV 扫描)
1,20260904,inference,decode_kv_p2p,uniform_read,primary,source_fc,下界敏感性列，过保守,1,3:1,makespan,43,40,0.9302,96,96,0,1.5276,0.2674,0,True,0.55-0.85x,False,True,existing_config (负载基线表未到),decode-phase KV / P2P scan; existing uniform_read (problem: KV 扫描)
1,20260904,inference,decode_kv_p2p,uniform_read,primary,source_fc,下界敏感性列，过保守,1,7:1,makespan,43,40,0.9302,96,96,0,1.6301,0.2674,0,True,0.55-0.85x,False,True,existing_config (负载基线表未到),decode-phase KV / P2P scan; existing uniform_read (problem: KV 扫描)
1,20260904,inference,decode_kv_p2p,uniform_read,primary,source_fc,下界敏感性列，过保守,1,15:1,makespan,43,40,0.9302,96,96,0,1.6813,0.2674,0,True,0.55-0.85x,False,True,existing_config (负载基线表未到),decode-phase KV / P2P scan; existing uniform_read (problem: KV 扫描)
1,20260904,inference,decode_kv_gather,gather,primary,no_cc,信封 outstanding（窗口不绑定）,96,3:1,makespan,49,27,0.5510,96,96,0,1.4879,0.3189,0,True,0.55-0.85x,False,True,existing_config (负载基线表未到),decode-phase KV gather; existing gather (card Dat-heavy collective). gather 与 reduce 同形，不是两条独立证据。
1,20260904,inference,decode_kv_gather,gather,primary,no_cc,信封 outstanding（窗口不绑定）,96,7:1,makespan,49,27,0.5510,96,96,0,1.5845,0.3189,0,True,0.55-0.85x,False,True,existing_config (负载基线表未到),decode-phase KV gather; existing gather (card Dat-heavy collective). gather 与 reduce 同形，不是两条独立证据。
1,20260904,inference,decode_kv_gather,gather,primary,no_cc,信封 outstanding（窗口不绑定）,96,15:1,makespan,49,27,0.5510,96,96,0,1.6328,0.3189,0,True,0.55-0.85x,False,True,existing_config (负载基线表未到),decode-phase KV gather; existing gather (card Dat-heavy collective). gather 与 reduce 同形，不是两条独立证据。
1,20260904,inference,decode_kv_gather,gather,primary,source_fc,下界敏感性列，过保守,1,3:1,makespan,49,49,1.0000,96,96,0,1.5466,0.2428,0,True,0.55-0.85x,False,True,existing_config (负载基线表未到),decode-phase KV gather; existing gather (card Dat-heavy collective). gather 与 reduce 同形，不是两条独立证据。
1,20260904,inference,decode_kv_gather,gather,primary,source_fc,下界敏感性列，过保守,1,7:1,makespan,49,49,1.0000,96,96,0,1.6519,0.2428,0,True,0.55-0.85x,False,True,existing_config (负载基线表未到),decode-phase KV gather; existing gather (card Dat-heavy collective). gather 与 reduce 同形，不是两条独立证据。
1,20260904,inference,decode_kv_gather,gather,primary,source_fc,下界敏感性列，过保守,1,15:1,makespan,49,49,1.0000,96,96,0,1.7046,0.2428,0,True,0.55-0.85x,False,True,existing_config (负载基线表未到),decode-phase KV gather; existing gather (card Dat-heavy collective). gather 与 reduce 同形，不是两条独立证据。
1,20260904,inference,infer_allgather,allgather,primary,no_cc,信封 outstanding（窗口不绑定）,96,3:1,makespan,45,30,0.6667,96,96,0,1.4988,0.3048,0,True,0.55-0.85x,False,True,existing_config (负载基线表未到),inference-time allgather; existing allgather
1,20260904,inference,infer_allgather,allgather,primary,no_cc,信封 outstanding（窗口不绑定）,96,7:1,makespan,45,30,0.6667,96,96,0,1.5970,0.3048,0,True,0.55-0.85x,False,True,existing_config (负载基线表未到),inference-time allgather; existing allgather
1,20260904,inference,infer_allgather,allgather,primary,no_cc,信封 outstanding（窗口不绑定）,96,15:1,makespan,45,30,0.6667,96,96,0,1.6461,0.3048,0,True,0.55-0.85x,False,True,existing_config (负载基线表未到),inference-time allgather; existing allgather
1,20260904,inference,infer_allgather,allgather,primary,source_fc,下界敏感性列，过保守,1,3:1,makespan,70,57,0.8143,96,96,0,1.5599,0.2255,0,True,0.55-0.85x,False,True,existing_config (负载基线表未到),inference-time allgather; existing allgather
1,20260904,inference,infer_allgather,allgather,primary,source_fc,下界敏感性列，过保守,1,7:1,makespan,70,57,0.8143,96,96,0,1.6672,0.2255,0,True,0.55-0.85x,False,True,existing_config (负载基线表未到),inference-time allgather; existing allgather
1,20260904,inference,infer_allgather,allgather,primary,source_fc,下界敏感性列，过保守,1,15:1,makespan,70,57,0.8143,96,96,0,1.7208,0.2255,0,True,0.55-0.85x,False,True,existing_config (负载基线表未到),inference-time allgather; existing allgather
1,20260904,inference,infer_allreduce,allreduce,primary,no_cc,信封 outstanding（窗口不绑定）,96,3:1,makespan,52,52,1.0000,96,96,0,1.5519,0.2359,0,True,0.55-0.85x,False,True,existing_config (负载基线表未到),inference-time allreduce; existing allreduce
1,20260904,inference,infer_allreduce,allreduce,primary,no_cc,信封 outstanding（窗口不绑定）,96,7:1,makespan,52,52,1.0000,96,96,0,1.6580,0.2359,0,True,0.55-0.85x,False,True,existing_config (负载基线表未到),inference-time allreduce; existing allreduce
1,20260904,inference,infer_allreduce,allreduce,primary,no_cc,信封 outstanding（窗口不绑定）,96,15:1,makespan,52,52,1.0000,96,96,0,1.7111,0.2359,0,True,0.55-0.85x,False,True,existing_config (负载基线表未到),inference-time allreduce; existing allreduce
1,20260904,inference,infer_allreduce,allreduce,primary,source_fc,下界敏感性列，过保守,1,3:1,makespan,186,212,1.1398,96,96,0,1.5536,0.2367,0,True,0.55-0.85x,False,True,existing_config (负载基线表未到),inference-time allreduce; existing allreduce
1,20260904,inference,infer_allreduce,allreduce,primary,source_fc,下界敏感性列，过保守,1,7:1,makespan,186,235,1.2634,96,96,0,1.6065,0.2957,0,True,0.55-0.85x,False,True,existing_config (负载基线表未到),inference-time allreduce; existing allreduce
1,20260904,inference,infer_allreduce,allreduce,primary,source_fc,下界敏感性列，过保守,1,15:1,makespan,186,229,1.2312,96,96,0,1.6607,0.2901,0,True,0.55-0.85x,False,True,existing_config (负载基线表未到),inference-time allreduce; existing allreduce
1,20260904,training,train_reduce,reduce,secondary,no_cc,信封 outstanding（窗口不绑定）,96,3:1,makespan,49,27,0.5510,96,96,0,1.4879,0.3189,0,True,0.55-0.85x,False,True,existing_config (负载基线表未到),training-class reduce; secondary only — not averaged with inference. gather 与 reduce 同形，不是两条独立证据。
1,20260904,training,train_reduce,reduce,secondary,no_cc,信封 outstanding（窗口不绑定）,96,7:1,makespan,49,27,0.5510,96,96,0,1.5845,0.3189,0,True,0.55-0.85x,False,True,existing_config (负载基线表未到),training-class reduce; secondary only — not averaged with inference. gather 与 reduce 同形，不是两条独立证据。
1,20260904,training,train_reduce,reduce,secondary,no_cc,信封 outstanding（窗口不绑定）,96,15:1,makespan,49,27,0.5510,96,96,0,1.6328,0.3189,0,True,0.55-0.85x,False,True,existing_config (负载基线表未到),training-class reduce; secondary only — not averaged with inference. gather 与 reduce 同形，不是两条独立证据。
1,20260904,training,train_reduce,reduce,secondary,source_fc,下界敏感性列，过保守,1,3:1,makespan,49,49,1.0000,96,96,0,1.5466,0.2428,0,True,0.55-0.85x,False,True,existing_config (负载基线表未到),training-class reduce; secondary only — not averaged with inference. gather 与 reduce 同形，不是两条独立证据。
1,20260904,training,train_reduce,reduce,secondary,source_fc,下界敏感性列，过保守,1,7:1,makespan,49,49,1.0000,96,96,0,1.6519,0.2428,0,True,0.55-0.85x,False,True,existing_config (负载基线表未到),training-class reduce; secondary only — not averaged with inference. gather 与 reduce 同形，不是两条独立证据。
1,20260904,training,train_reduce,reduce,secondary,source_fc,下界敏感性列，过保守,1,15:1,makespan,49,49,1.0000,96,96,0,1.7046,0.2428,0,True,0.55-0.85x,False,True,existing_config (负载基线表未到),training-class reduce; secondary only — not averaged with inference. gather 与 reduce 同形，不是两条独立证据。
1,20260904,training,train_alltoall,alltoall,secondary,no_cc,信封 outstanding（窗口不绑定）,96,3:1,makespan,25,19,0.7600,96,96,0,1.4512,0.3666,0,True,0.55-0.85x,False,True,existing_config (负载基线表未到),training-class alltoall; secondary only — not averaged with inference
1,20260904,training,train_alltoall,alltoall,secondary,no_cc,信封 outstanding（窗口不绑定）,96,7:1,makespan,25,19,0.7600,96,96,0,1.5423,0.3666,0,True,0.55-0.85x,False,True,existing_config (负载基线表未到),training-class alltoall; secondary only — not averaged with inference
1,20260904,training,train_alltoall,alltoall,secondary,no_cc,信封 outstanding（窗口不绑定）,96,15:1,makespan,25,19,0.7600,96,96,0,1.5878,0.3666,0,True,0.55-0.85x,False,True,existing_config (负载基线表未到),training-class alltoall; secondary only — not averaged with inference
1,20260904,training,train_alltoall,alltoall,secondary,source_fc,下界敏感性列，过保守,1,3:1,makespan,38,35,0.9211,96,96,0,1.5144,0.2845,0,True,0.55-0.85x,False,True,existing_config (负载基线表未到),training-class alltoall; secondary only — not averaged with inference
1,20260904,training,train_alltoall,alltoall,secondary,source_fc,下界敏感性列，过保守,1,7:1,makespan,38,35,0.9211,96,96,0,1.6150,0.2845,0,True,0.55-0.85x,False,True,existing_config (负载基线表未到),training-class alltoall; secondary only — not averaged with inference
1,20260904,training,train_alltoall,alltoall,secondary,source_fc,下界敏感性列，过保守,1,15:1,makespan,38,35,0.9211,96,96,0,1.6653,0.2845,0,True,0.55-0.85x,False,True,existing_config (负载基线表未到),training-class alltoall; secondary only — not averaged with inference
2,20260905,inference,decode_kv_p2p,uniform_read,primary,no_cc,信封 outstanding（窗口不绑定）,96,3:1,makespan,23,17,0.7391,96,96,0,1.4396,0.3816,0,True,0.55-0.85x,False,True,existing_config (负载基线表未到),decode-phase KV / P2P scan; existing uniform_read (problem: KV 扫描)
2,20260905,inference,decode_kv_p2p,uniform_read,primary,no_cc,信封 outstanding（窗口不绑定）,96,7:1,makespan,23,17,0.7391,96,96,0,1.5290,0.3816,0,True,0.55-0.85x,False,True,existing_config (负载基线表未到),decode-phase KV / P2P scan; existing uniform_read (problem: KV 扫描)
2,20260905,inference,decode_kv_p2p,uniform_read,primary,no_cc,信封 outstanding（窗口不绑定）,96,15:1,makespan,23,17,0.7391,96,96,0,1.5737,0.3816,0,True,0.55-0.85x,False,True,existing_config (负载基线表未到),decode-phase KV / P2P scan; existing uniform_read (problem: KV 扫描)
2,20260905,inference,decode_kv_p2p,uniform_read,primary,source_fc,下界敏感性列，过保守,1,3:1,makespan,50,46,0.9200,96,96,0,1.5408,0.2503,0,True,0.55-0.85x,False,True,existing_config (负载基线表未到),decode-phase KV / P2P scan; existing uniform_read (problem: KV 扫描)
2,20260905,inference,decode_kv_p2p,uniform_read,primary,source_fc,下界敏感性列，过保守,1,7:1,makespan,50,46,0.9200,96,96,0,1.6453,0.2503,0,True,0.55-0.85x,False,True,existing_config (负载基线表未到),decode-phase KV / P2P scan; existing uniform_read (problem: KV 扫描)
2,20260905,inference,decode_kv_p2p,uniform_read,primary,source_fc,下界敏感性列，过保守,1,15:1,makespan,50,46,0.9200,96,96,0,1.6975,0.2503,0,True,0.55-0.85x,False,True,existing_config (负载基线表未到),decode-phase KV / P2P scan; existing uniform_read (problem: KV 扫描)
2,20260905,inference,decode_kv_gather,gather,primary,no_cc,信封 outstanding（窗口不绑定）,96,3:1,makespan,49,27,0.5510,96,96,0,1.4879,0.3189,0,True,0.55-0.85x,False,True,existing_config (负载基线表未到),decode-phase KV gather; existing gather (card Dat-heavy collective). gather 与 reduce 同形，不是两条独立证据。
2,20260905,inference,decode_kv_gather,gather,primary,no_cc,信封 outstanding（窗口不绑定）,96,7:1,makespan,49,27,0.5510,96,96,0,1.5845,0.3189,0,True,0.55-0.85x,False,True,existing_config (负载基线表未到),decode-phase KV gather; existing gather (card Dat-heavy collective). gather 与 reduce 同形，不是两条独立证据。
2,20260905,inference,decode_kv_gather,gather,primary,no_cc,信封 outstanding（窗口不绑定）,96,15:1,makespan,49,27,0.5510,96,96,0,1.6328,0.3189,0,True,0.55-0.85x,False,True,existing_config (负载基线表未到),decode-phase KV gather; existing gather (card Dat-heavy collective). gather 与 reduce 同形，不是两条独立证据。
2,20260905,inference,decode_kv_gather,gather,primary,source_fc,下界敏感性列，过保守,1,3:1,makespan,49,49,1.0000,96,96,0,1.5466,0.2428,0,True,0.55-0.85x,False,True,existing_config (负载基线表未到),decode-phase KV gather; existing gather (card Dat-heavy collective). gather 与 reduce 同形，不是两条独立证据。
2,20260905,inference,decode_kv_gather,gather,primary,source_fc,下界敏感性列，过保守,1,7:1,makespan,49,49,1.0000,96,96,0,1.6519,0.2428,0,True,0.55-0.85x,False,True,existing_config (负载基线表未到),decode-phase KV gather; existing gather (card Dat-heavy collective). gather 与 reduce 同形，不是两条独立证据。
2,20260905,inference,decode_kv_gather,gather,primary,source_fc,下界敏感性列，过保守,1,15:1,makespan,49,49,1.0000,96,96,0,1.7046,0.2428,0,True,0.55-0.85x,False,True,existing_config (负载基线表未到),decode-phase KV gather; existing gather (card Dat-heavy collective). gather 与 reduce 同形，不是两条独立证据。
2,20260905,inference,infer_allgather,allgather,primary,no_cc,信封 outstanding（窗口不绑定）,96,3:1,makespan,45,30,0.6667,96,96,0,1.4988,0.3048,0,True,0.55-0.85x,False,True,existing_config (负载基线表未到),inference-time allgather; existing allgather
2,20260905,inference,infer_allgather,allgather,primary,no_cc,信封 outstanding（窗口不绑定）,96,7:1,makespan,45,30,0.6667,96,96,0,1.5970,0.3048,0,True,0.55-0.85x,False,True,existing_config (负载基线表未到),inference-time allgather; existing allgather
2,20260905,inference,infer_allgather,allgather,primary,no_cc,信封 outstanding（窗口不绑定）,96,15:1,makespan,45,30,0.6667,96,96,0,1.6461,0.3048,0,True,0.55-0.85x,False,True,existing_config (负载基线表未到),inference-time allgather; existing allgather
2,20260905,inference,infer_allgather,allgather,primary,source_fc,下界敏感性列，过保守,1,3:1,makespan,70,57,0.8143,96,96,0,1.5599,0.2255,0,True,0.55-0.85x,False,True,existing_config (负载基线表未到),inference-time allgather; existing allgather
2,20260905,inference,infer_allgather,allgather,primary,source_fc,下界敏感性列，过保守,1,7:1,makespan,70,57,0.8143,96,96,0,1.6672,0.2255,0,True,0.55-0.85x,False,True,existing_config (负载基线表未到),inference-time allgather; existing allgather
2,20260905,inference,infer_allgather,allgather,primary,source_fc,下界敏感性列，过保守,1,15:1,makespan,70,57,0.8143,96,96,0,1.7208,0.2255,0,True,0.55-0.85x,False,True,existing_config (负载基线表未到),inference-time allgather; existing allgather
2,20260905,inference,infer_allreduce,allreduce,primary,no_cc,信封 outstanding（窗口不绑定）,96,3:1,makespan,52,52,1.0000,96,96,0,1.5519,0.2359,0,True,0.55-0.85x,False,True,existing_config (负载基线表未到),inference-time allreduce; existing allreduce
2,20260905,inference,infer_allreduce,allreduce,primary,no_cc,信封 outstanding（窗口不绑定）,96,7:1,makespan,52,52,1.0000,96,96,0,1.6580,0.2359,0,True,0.55-0.85x,False,True,existing_config (负载基线表未到),inference-time allreduce; existing allreduce
2,20260905,inference,infer_allreduce,allreduce,primary,no_cc,信封 outstanding（窗口不绑定）,96,15:1,makespan,52,52,1.0000,96,96,0,1.7111,0.2359,0,True,0.55-0.85x,False,True,existing_config (负载基线表未到),inference-time allreduce; existing allreduce
2,20260905,inference,infer_allreduce,allreduce,primary,source_fc,下界敏感性列，过保守,1,3:1,makespan,186,212,1.1398,96,96,0,1.5536,0.2367,0,True,0.55-0.85x,False,True,existing_config (负载基线表未到),inference-time allreduce; existing allreduce
2,20260905,inference,infer_allreduce,allreduce,primary,source_fc,下界敏感性列，过保守,1,7:1,makespan,186,235,1.2634,96,96,0,1.6065,0.2957,0,True,0.55-0.85x,False,True,existing_config (负载基线表未到),inference-time allreduce; existing allreduce
2,20260905,inference,infer_allreduce,allreduce,primary,source_fc,下界敏感性列，过保守,1,15:1,makespan,186,229,1.2312,96,96,0,1.6607,0.2901,0,True,0.55-0.85x,False,True,existing_config (负载基线表未到),inference-time allreduce; existing allreduce
2,20260905,training,train_reduce,reduce,secondary,no_cc,信封 outstanding（窗口不绑定）,96,3:1,makespan,49,27,0.5510,96,96,0,1.4879,0.3189,0,True,0.55-0.85x,False,True,existing_config (负载基线表未到),training-class reduce; secondary only — not averaged with inference. gather 与 reduce 同形，不是两条独立证据。
2,20260905,training,train_reduce,reduce,secondary,no_cc,信封 outstanding（窗口不绑定）,96,7:1,makespan,49,27,0.5510,96,96,0,1.5845,0.3189,0,True,0.55-0.85x,False,True,existing_config (负载基线表未到),training-class reduce; secondary only — not averaged with inference. gather 与 reduce 同形，不是两条独立证据。
2,20260905,training,train_reduce,reduce,secondary,no_cc,信封 outstanding（窗口不绑定）,96,15:1,makespan,49,27,0.5510,96,96,0,1.6328,0.3189,0,True,0.55-0.85x,False,True,existing_config (负载基线表未到),training-class reduce; secondary only — not averaged with inference. gather 与 reduce 同形，不是两条独立证据。
2,20260905,training,train_reduce,reduce,secondary,source_fc,下界敏感性列，过保守,1,3:1,makespan,49,49,1.0000,96,96,0,1.5466,0.2428,0,True,0.55-0.85x,False,True,existing_config (负载基线表未到),training-class reduce; secondary only — not averaged with inference. gather 与 reduce 同形，不是两条独立证据。
2,20260905,training,train_reduce,reduce,secondary,source_fc,下界敏感性列，过保守,1,7:1,makespan,49,49,1.0000,96,96,0,1.6519,0.2428,0,True,0.55-0.85x,False,True,existing_config (负载基线表未到),training-class reduce; secondary only — not averaged with inference. gather 与 reduce 同形，不是两条独立证据。
2,20260905,training,train_reduce,reduce,secondary,source_fc,下界敏感性列，过保守,1,15:1,makespan,49,49,1.0000,96,96,0,1.7046,0.2428,0,True,0.55-0.85x,False,True,existing_config (负载基线表未到),training-class reduce; secondary only — not averaged with inference. gather 与 reduce 同形，不是两条独立证据。
2,20260905,training,train_alltoall,alltoall,secondary,no_cc,信封 outstanding（窗口不绑定）,96,3:1,makespan,23,18,0.7826,96,96,0,1.4455,0.3739,0,True,0.55-0.85x,False,True,existing_config (负载基线表未到),training-class alltoall; secondary only — not averaged with inference
2,20260905,training,train_alltoall,alltoall,secondary,no_cc,信封 outstanding（窗口不绑定）,96,7:1,makespan,23,18,0.7826,96,96,0,1.5358,0.3739,0,True,0.55-0.85x,False,True,existing_config (负载基线表未到),training-class alltoall; secondary only — not averaged with inference
2,20260905,training,train_alltoall,alltoall,secondary,no_cc,信封 outstanding（窗口不绑定）,96,15:1,makespan,23,18,0.7826,96,96,0,1.5810,0.3739,0,True,0.55-0.85x,False,True,existing_config (负载基线表未到),training-class alltoall; secondary only — not averaged with inference
2,20260905,training,train_alltoall,alltoall,secondary,source_fc,下界敏感性列，过保守,1,3:1,makespan,34,37,1.0882,96,96,0,1.5200,0.2773,0,True,0.55-0.85x,False,True,existing_config (负载基线表未到),training-class alltoall; secondary only — not averaged with inference
2,20260905,training,train_alltoall,alltoall,secondary,source_fc,下界敏感性列，过保守,1,7:1,makespan,34,37,1.0882,96,96,0,1.6213,0.2773,0,True,0.55-0.85x,False,True,existing_config (负载基线表未到),training-class alltoall; secondary only — not averaged with inference
2,20260905,training,train_alltoall,alltoall,secondary,source_fc,下界敏感性列，过保守,1,15:1,makespan,34,37,1.0882,96,96,0,1.6720,0.2773,0,True,0.55-0.85x,False,True,existing_config (负载基线表未到),training-class alltoall; secondary only — not averaged with inference
