trial,seed,baseline_type,baseline_label,outstanding,arm,window,T_snp_over_off,kill_1.4,completed_snp_off,completed_snp_on,comp_drop,card_claim,card_claim_is_measured,note
0,20260903,no_cc,无拥塞控制,96,3:1,snp_path,1.0000,False,96,96,False,<=1.4x kill,False,15:1 remains KILL; not a 0.55-0.85 interval
0,20260903,no_cc,无拥塞控制,96,3:1,snp_on_gather,28.8333,True,12,12,False,<=1.4x kill,False,15:1 remains KILL; not a 0.55-0.85 interval
0,20260903,no_cc,无拥塞控制,96,7:1,snp_path,9.5556,True,96,96,False,<=1.4x kill,False,15:1 remains KILL; not a 0.55-0.85 interval
0,20260903,no_cc,无拥塞控制,96,7:1,snp_on_gather,32.3333,True,12,12,False,<=1.4x kill,False,15:1 remains KILL; not a 0.55-0.85 interval
0,20260903,no_cc,无拥塞控制,96,15:1,snp_path,18.9259,True,96,96,False,<=1.4x kill,False,15:1 remains KILL; not a 0.55-0.85 interval
0,20260903,no_cc,无拥塞控制,96,15:1,snp_on_gather,34.1667,True,12,12,False,<=1.4x kill,False,15:1 remains KILL; not a 0.55-0.85 interval
0,20260903,source_fc,源端流控,1,3:1,snp_path,5.1800,True,96,96,False,<=1.4x kill,False,15:1 remains KILL; not a 0.55-0.85 interval
0,20260903,source_fc,源端流控,1,3:1,snp_on_gather,3.3208,True,12,12,False,<=1.4x kill,False,15:1 remains KILL; not a 0.55-0.85 interval
0,20260903,source_fc,源端流控,1,7:1,snp_path,10.2200,True,96,96,False,<=1.4x kill,False,15:1 remains KILL; not a 0.55-0.85 interval
0,20260903,source_fc,源端流控,1,7:1,snp_on_gather,3.7170,True,12,12,False,<=1.4x kill,False,15:1 remains KILL; not a 0.55-0.85 interval
0,20260903,source_fc,源端流控,1,15:1,snp_path,20.2000,True,96,96,False,<=1.4x kill,False,15:1 remains KILL; not a 0.55-0.85 interval
0,20260903,source_fc,源端流控,1,15:1,snp_on_gather,3.9245,True,12,12,False,<=1.4x kill,False,15:1 remains KILL; not a 0.55-0.85 interval
1,20260904,no_cc,无拥塞控制,96,3:1,snp_path,1.0000,False,96,96,False,<=1.4x kill,False,15:1 remains KILL; not a 0.55-0.85 interval
1,20260904,no_cc,无拥塞控制,96,3:1,snp_on_gather,24.8571,True,12,12,False,<=1.4x kill,False,15:1 remains KILL; not a 0.55-0.85 interval
1,20260904,no_cc,无拥塞控制,96,7:1,snp_path,10.1200,True,96,96,False,<=1.4x kill,False,15:1 remains KILL; not a 0.55-0.85 interval
1,20260904,no_cc,无拥塞控制,96,7:1,snp_on_gather,27.8571,True,12,12,False,<=1.4x kill,False,15:1 remains KILL; not a 0.55-0.85 interval
1,20260904,no_cc,无拥塞控制,96,15:1,snp_path,20.2000,True,96,96,False,<=1.4x kill,False,15:1 remains KILL; not a 0.55-0.85 interval
1,20260904,no_cc,无拥塞控制,96,15:1,snp_on_gather,29.4286,True,12,12,False,<=1.4x kill,False,15:1 remains KILL; not a 0.55-0.85 interval
1,20260904,source_fc,源端流控,1,3:1,snp_path,1.0000,False,96,96,False,<=1.4x kill,False,15:1 remains KILL; not a 0.55-0.85 interval
1,20260904,source_fc,源端流控,1,3:1,snp_on_gather,3.3462,True,12,12,False,<=1.4x kill,False,15:1 remains KILL; not a 0.55-0.85 interval
1,20260904,source_fc,源端流控,1,7:1,snp_path,6.3721,True,96,96,False,<=1.4x kill,False,15:1 remains KILL; not a 0.55-0.85 interval
1,20260904,source_fc,源端流控,1,7:1,snp_on_gather,3.7500,True,12,12,False,<=1.4x kill,False,15:1 remains KILL; not a 0.55-0.85 interval
1,20260904,source_fc,源端流控,1,15:1,snp_path,17.7442,True,96,96,False,<=1.4x kill,False,15:1 remains KILL; not a 0.55-0.85 interval
1,20260904,source_fc,源端流控,1,15:1,snp_on_gather,3.9615,True,12,12,False,<=1.4x kill,False,15:1 remains KILL; not a 0.55-0.85 interval
2,20260905,no_cc,无拥塞控制,96,3:1,snp_path,1.0000,False,96,96,False,<=1.4x kill,False,15:1 remains KILL; not a 0.55-0.85 interval
2,20260905,no_cc,无拥塞控制,96,3:1,snp_on_gather,28.8333,True,12,12,False,<=1.4x kill,False,15:1 remains KILL; not a 0.55-0.85 interval
2,20260905,no_cc,无拥塞控制,96,7:1,snp_path,1.0000,False,96,96,False,<=1.4x kill,False,15:1 remains KILL; not a 0.55-0.85 interval
2,20260905,no_cc,无拥塞控制,96,7:1,snp_on_gather,32.3333,True,12,12,False,<=1.4x kill,False,15:1 remains KILL; not a 0.55-0.85 interval
2,20260905,no_cc,无拥塞控制,96,15:1,snp_path,11.4348,True,96,96,False,<=1.4x kill,False,15:1 remains KILL; not a 0.55-0.85 interval
2,20260905,no_cc,无拥塞控制,96,15:1,snp_on_gather,34.1667,True,12,12,False,<=1.4x kill,False,15:1 remains KILL; not a 0.55-0.85 interval
2,20260905,source_fc,源端流控,1,3:1,snp_path,5.2000,True,96,96,False,<=1.4x kill,False,15:1 remains KILL; not a 0.55-0.85 interval
2,20260905,source_fc,源端流控,1,3:1,snp_on_gather,3.1636,True,12,12,False,<=1.4x kill,False,15:1 remains KILL; not a 0.55-0.85 interval
2,20260905,source_fc,源端流控,1,7:1,snp_path,5.5200,True,96,96,False,<=1.4x kill,False,15:1 remains KILL; not a 0.55-0.85 interval
2,20260905,source_fc,源端流控,1,7:1,snp_on_gather,3.5455,True,12,12,False,<=1.4x kill,False,15:1 remains KILL; not a 0.55-0.85 interval
2,20260905,source_fc,源端流控,1,15:1,snp_path,15.3200,True,96,96,False,<=1.4x kill,False,15:1 remains KILL; not a 0.55-0.85 interval
2,20260905,source_fc,源端流控,1,15:1,snp_on_gather,3.7455,True,12,12,False,<=1.4x kill,False,15:1 remains KILL; not a 0.55-0.85 interval
