trial,seed,arm,outstanding,tree_makespan,tree_completed,residual_makespan,residual_completed,residual_p50,residual_p90,residual_p99,note
0,20260903,spine-off,256,96,24,83,48,24.0000,54.0000,83.0000,RESIDUAL is RING_P2P; do not average with TREE or gather-family
0,20260903,CSR,256,38,24,117,48,22.0000,65.0000,117.0000,RESIDUAL is RING_P2P; do not average with TREE or gather-family
0,20260903,spine-off,512,96,24,83,48,24.0000,54.0000,83.0000,RESIDUAL is RING_P2P; do not average with TREE or gather-family
0,20260903,CSR,512,38,24,117,48,22.0000,65.0000,117.0000,RESIDUAL is RING_P2P; do not average with TREE or gather-family
1,20260904,spine-off,256,99,24,120,48,27.0000,66.0000,120.0000,RESIDUAL is RING_P2P; do not average with TREE or gather-family
1,20260904,CSR,256,40,24,76,48,21.0000,48.0000,76.0000,RESIDUAL is RING_P2P; do not average with TREE or gather-family
1,20260904,spine-off,512,99,24,120,48,27.0000,66.0000,120.0000,RESIDUAL is RING_P2P; do not average with TREE or gather-family
1,20260904,CSR,512,40,24,76,48,21.0000,48.0000,76.0000,RESIDUAL is RING_P2P; do not average with TREE or gather-family
2,20260905,spine-off,256,122,24,57,48,28.0000,46.0000,57.0000,RESIDUAL is RING_P2P; do not average with TREE or gather-family
2,20260905,CSR,256,35,24,113,48,27.0000,69.0000,113.0000,RESIDUAL is RING_P2P; do not average with TREE or gather-family
2,20260905,spine-off,512,122,24,57,48,28.0000,46.0000,57.0000,RESIDUAL is RING_P2P; do not average with TREE or gather-family
2,20260905,CSR,512,35,24,113,48,27.0000,69.0000,113.0000,RESIDUAL is RING_P2P; do not average with TREE or gather-family
